"uid","actor","name","category","institution","website","ukraine","countries","topic","title","summary","keywords","partner_identified","rationale","role","submitted"
"PP-6","Practice partners","Africa Center for Inclusive Development (ACID-Ghana)","NGO",,"https://www.acidghana.org",FALSE,"Ghana","Climate & Environmental Protection","Developing an Integrated Urban Climate, Disaster Risk and Infrastructure Resilience Platform for Secondary Cities in Ghana  This project seeks to co-develop an innovative digital decision-support platform that integrates meteorological information, climate projections, disaster risk data, geospatial technologies, artificial intelligence (AI), and urban infrastructure datasets to improve resilience in Ghana's rapidly growing secondary cities. The platform will enable municipal authorities to identify climate and disaster hotspots, predict infrastructure vulnerabilities, strengthen early warning systems, prioritize resilient infrastructure investments, and support evidence-based urban planning. The research will combine interdisciplinary expertise in climate science, engineering, geospatial analytics, urban planning, and governance with local knowledge from municipalities and communities. Through co-creation with researchers and practice partners, the project will generate scalable tools, policy recommendations, and capacity-building approaches that enhance climate adaptation, disaster preparedness, and sustainable urban development in Ghana and other rapidly urbanizing cities in sub-Saharan Africa.","Rapid urbanization and climate change are increasing the exposure of Ghana's secondary cities to flooding, heatwaves, infrastructure failures, and other climate-related disasters. Municipal authorities often lack integrated systems that combine weather information, disaster risk data, infrastructure inventories, and socioeconomic information to support proactive planning and emergency response. This project will co-develop an Integrated Urban Climate, Disaster Risk and Infrastructure Resilience Platform that uses AI, geospatial technologies, meteorological data, and infrastructure analytics to improve urban decision-making. Working with ETH researchers, municipal authorities, and national agencies, the project will develop predictive risk models, interactive dashboards, and decision-support tools for resilient infrastructure planning and disaster preparedness. Success will be measured by improved municipal capacity, enhanced early warning systems, better prioritization of infrastructure investments, strengthened inter-agency collaboration, and the adoption of the platform as a practical tool for climate-resilient urban governance in Ghana's secondary cities.","Urban Climate Resilience Disaster Risk Management Sustainable Urban Infrastructure Artificial Intelligence and Geospatial Analytics Urban Governance",,"Developing an integrated urban climate and infrastructure resilience platform requires interdisciplinary research expertise that extends beyond routine project implementation. We need a researcher to design robust methodologies, integrate meteorological, geospatial, infrastructure, and socioeconomic datasets, develop AI-based predictive models, and rigorously evaluate the platform's effectiveness. Research is also essential to validate climate risk models, assess infrastructure vulnerability under different scenarios, and generate evidence that can inform urban policy and investment decisions. This collaboration will ensure that the platform is scientifically robust, scalable, and capable of delivering measurable improvements in climate resilience and disaster risk management.","As the practice partner, the Africa Center for Inclusive Development (ACID-Ghana) will lead stakeholder engagement, coordinate implementation with municipal authorities and national agencies, facilitate community participation, and ensure that research outputs address real urban challenges. ACID-Ghana will provide access to field sites, local networks, implementation experience, and operational support for data collection, pilot testing, and capacity-building activities. We will also support knowledge exchange, policy engagement, and dissemination to promote uptake of the project's findings. Our ideal research partner would contribute expertise in urban systems, climate science, meteorology, geospatial analysis, artificial intelligence, infrastructure resilience, and impact evaluation. Together, we will co-design research activities, translate scientific evidence into practical decision-support tools, and develop scalable solutions that strengthen climate-resilient urban planning and infrastructure management in Ghana's secondary cities.",2026-07-28
"PP-7","Practice partners","GridX d.o.o.","Private company",,"https://www.gridx.rs",FALSE,"Serbia","Spatial Planning/Urban Design","Drone-based detection of illegal construction for municipal urban governance","Informal and illegal construction is a persistent governance failure across Western Balkan cities. Municipal inspectorates rely on slow, selective manual site visits and outdated cadastral records, so enforcement is reactive — often catching violations only after buildings are finished. This erodes public revenue, distorts urban planning, and produces unsafe, unregulated housing stock. This project pilots a drone-based, AI-assisted change-detection system that compares repeat aerial surveys against cadastral and permit data to flag unauthorized construction as it happens, not months or years later. Working with a municipal cadastre or inspectorate as practice partner, the pilot tests detection accuracy, false-positive rates, and — critically — whether staff can act on alerts within existing legal and administrative workflows. Success looks like a validated detection pipeline, a governance model municipalities can actually adopt, and evidence to support a follow-on Urban Research Grant scaling across multiple cities in Kosovo, North Macedonia, or Bosnia and Herzegovina.","informal construction, urban governance, AI change detection",,"GridX operates drones and produces mapping data at scale, but lacks the methodological rigor to validate a detection system a municipality can trust and adopt. We need a researcher to design the change-detection algorithm and accuracy benchmarks, structure a defensible evaluation of false-positive and false-negative rates against ground truth, and translate results into a governance framework municipal staff can act on. A consultant could build a working prototype; only academic research produces the independent, peer-reviewable evidence base that gives a public authority confidence to change its enforcement process.","GridX would be the non-academic practice partner, providing operational and local-access capability: drone flight operations and repeat aerial survey data over target sites; existing relationships with Serbian municipal authorities, cadastre offices, and infrastructure clients that give credible access to a pilot city and its inspectorate team; imagery-processing and mapping pipelines we already run commercially; and in-kind staff time, equipment, and flight hours as matching support. Our ideal ETH-domain researcher would bring geospatial/remote-sensing methodology, computer vision or machine learning expertise for automated change detection, and experience translating technical outputs into governance frameworks usable by public institutions.",2026-07-29
"PP-8","Practice partners","Phenikaa University","University/Research Institution",,"https://phenikaa-uni.edu.vn/",FALSE,"Vietnam","Spatial Planning/Urban Design","AI-Enabled Urban Flood Resilience: A Digital Twin Approach for Hanoi","As Hanoi continues to grow and experiences more frequent and intense rainfall, urban flooding has become an increasingly serious challenge. Flood events disrupt transportation networks, affect essential public services, and place significant pressure on vulnerable communities. To address these challenges, this project proposes the development of an AI-enabled urban flood resilience platform that can support real-time flood forecasting, infrastructure planning, and emergency decision-making.

The project brings together several complementary technologies, including satellite remote sensing, IoT-based hydrological monitoring, machine learning, and a city-scale digital twin, to provide a clearer understanding of flood risks across Hanoi. These tools will be used to identify flood-prone areas, assess potential impacts on critical infrastructure, and test different adaptation strategies, such as smart drainage operations and nature-based flood mitigation measures.

A key feature of the project is its collaborative approach. The platform will be developed in close partnership with local authorities, infrastructure managers, and technology providers to ensure that the solutions are practical, relevant, and aligned with local needs. Outcomes will include a pilot flood resilience dashboard for Hanoi, more accurate flood forecasting capabilities, and evidence-based recommendations for infrastructure investments. The project will also promote stakeholder engagement and produce a scalable framework that can be adapted for other cities in Vietnam and across Southeast Asia that face similar climate-related flooding challenges.","Urban flood resilience, Climate adaptation, Digital twin, AI-based forecasting, Smart urban infrastructure",,"A researcher is crucial because the project requires scientific expertise, local contextual knowledge, and continuous stakeholder engagement. Researchers co-develop the methodology, integrate satellite, hydrological, and urban infrastructure data, validate AI forecasting models, and ensure that the digital twin reflects real flood conditions in Hanoi. They also bridge the gap between academic innovation and practical implementation by working with city authorities, communities, and technology partners. Their role is essential for generating reliable evidence, adapting solutions to local needs, evaluating impacts, and producing scalable knowledge and tools that can support long-term urban flood resilience beyond the pilot phase.","As part of this collaboration, I envision serving as the local principal investigator and coordination lead at Phenikaa University. I will contribute expertise in AI, remote sensing, GIS, and urban environmental data analysis to co-develop the flood resilience methodology and digital twin platform. My role will include coordinating data collection, engaging with local authorities and community stakeholders, supervising pilot implementation in Hanoi, and facilitating collaboration between academic researchers and Phenikaa’s technology ecosystem (including Phenikaa-X and related innovation units). I will also support capacity building, joint publications, dissemination activities, and the development of scalable solutions that can be transferred to other Vietnamese and Southeast Asian cities facing increasing urban flood risks under climate change.",2026-07-30
"PP-9","Practice partners","Salalabs","Private company",,"https://slink.salalabs.com; https://www.salalabs.com",FALSE,"Vietnam","Mobility/Transport","We are designing and operating SLink - a framework for network of urban mobility/logistics hubs to reduce congestion, emissions and last-mile costs in rapidly growing Vietnamese cities.","Project: Data-Driven Mobility Hubs for Sustainable Last-Mile Logistics in Vietnam

1. Problem Statements
Walk through any ward in HCMC or Hanoi at 5pm. You'll see 3 problems at once:
- Car/Motorbikes double-parking on sidewalks, blocking traffic and pedestrians.
- Inconvenience to shifting to electric-bike/car with various joining manufactures but no standards or charging hubs
- Vans and trucks circling the block 20 minutes to find a place to drop 50 parcels, burning fuel and causing congestion.
- Customers waiting at home all day, then getting 3 missed-delivery notices because no one was there.

This happens 10 million times per month. Individual Vehicles still increasing, E-commerce in Vietnam grew 25% last year, but our streets and buildings were not designed for this volume.
Right now, no safe sidewalks or green/logistics hubs. If we keep pushing vehicles, services, building to the market but without spatial space for hubs or valid data, we'll just add more traffic, more emissions, and more wasted time.

2. Who is Affected
- Citizens: Lose time to traffic, breathe dirtier air, and lose sidewalk space to parked cars/motobikes. Inconvenience barrier to go with e-bikes without worrying about incompatible public charger but keeping purchasing gasoline motorbikes.
- Cities: Fail to meet climate and congestion targets. Roads get damaged faster. Planning departments have no tools to manage ""logistics"" as urban infrastructure. Unable to achieve the net-zero target and sustainable urban development.
- SLink + drivers: Pay higher fuel costs, lower pay per trip, and get blamed for congestion/dirty air. Hubs are under-utilised because we don’t know the best location or operating hours.

3. Objectives of the Project
- Mobility: Cut last-mile vehicle trips and emissions by making deliveries smarter and closer to the customer. Ease to find a peace/green space with utilised services among the chaotic commute.
- Spatial Planning: Use data to put the right hub in the right place, so goods move through the city, not around it.
- Policy: Give Vietnamese cities the first-ever evidence-based guidelines to plan transport/logistics hub as part of urban infrastructure.

4. Proposed Approach
An ETH Zurich + SLink consortium in 3 pilot Vietnamese cities.
- On the Ground Data: SLink provides real-time data from hubs: Data for ESG indexes, parcel volume, timing, failed deliveries, driver routes.
- ETH Research: Develop AI tools for hub location optimization, demand forecasting, and dynamic PUDO scheduling.
- Test & Learn: Deploy the tools in live hubs. Work with city People's Committees to measure impact on traffic and emissions.
- Scale: Publish an ""Sustainable Urban Transport and Logistics Hub Playbook"" for other SECO partner countries.

5. What SLink Hopes to Achieve / What Success Looks Like
- For People: Parcels arrive faster, with fewer trucks on the street. Remove Car/Motorbikes double-parking on sidewalks. Clean Air. Consumers can pick up near their home in 15 minutes.
- For Cities: Security of space for sidewalks. Acceleration of Net-zero/ESG targets. A 15% reduction in last-mile delivery Vehicle-kilometers and CO2 in pilot areas. Logistics is finally included in the city masterplan.
- For SLink: 20% higher hub utilization and 10% lower cost per services. We prove that proper hub-distribution/logistics infrastructure can make cities better, not worse.
- For SECO/ETH: A replicable, data-driven model for sustainable urban transportation/logistics in emerging markets.

Summary: We want to turn thousands of SLink hubs from ""Urban spatial hub"" into ""Intelligent infrastructure"" that makes Vietnamese cities cleaner, faster, and more livable.","Sustainable Last-mile, Urban Mobility, Green Spatial Space, Micro-Logistics Hubs, Data-Drive Infrastructure",,"We don't have a scientific method to plan logistics infrastructure that balances commercial viability with urban sustainability. Rigorous research can turn SLink's hubs from reactive sites into a predictive city-scale infrastructure network.","We can provide exclusive data access of live network to hubs, plus operational expertise/support (ground truth) to validate and scale research findings in Vietnam.",2026-07-30
"PP-10","Practice partners","Posts and Telecommunications Institute of Technology","University/Research Institution",,"https://ptit.edu.vn/",FALSE,"Vietnam","Climate & Environmental Protection","AI-Integrated Multi-UAV System for Real-Time Disaster Monitoring, Victim Detection and Localization, and Search-and-Rescue Support","Annually, Vietnam faces numerous disasters, particularly large-scale storms, floods, fires, and explosions across residential, urban, and industrial areas. These events cause severe loss of life and property and significantly affect infrastructure, communities, and the environment. This project aims to develop a technological solution that enables search-and-rescue teams to rapidly assess disaster sites, reach affected areas, and assist victims. It is intended to support local authorities and provide a comprehensive platform for organizations involved in emergency response.

The proposed system combines UAVs, software, AI, and continuous communication to enable seamless coordination among command centers, reconnaissance units, and field rescue teams. It will provide real-time situational awareness through digitally reconstructed maps, automatically detect and geolocate victims, analyze hazards, and recommend feasible access and rescue strategies. Success would mean enabling faster decision-making, reducing response times, improving coordination, and helping rescue teams reach victims and damaged structures as quickly and safely as possible.","Disaster resilience, AI-enabled UAVs, Emergency response, Victim localization, Real-time situational awareness",,"Having grown up in a mountainous district frequently affected by storms, flash floods, and landslides, and having personally supported rescue efforts during fire incidents, I understand the challenges faced by affected communities and emergency responders. I have already implemented several local support solutions, but a gap remains between research algorithms and systems that can operate reliably under real disaster conditions. I need a researcher to help rigorously validate, evaluate, and improve the system. The fund’s support would enable us to combine research expertise with practical field experience and develop a reliable solution that can be scaled to support more communities.","If the project moves forward, I will serve as project lead, taking responsibility for planning, requirements definition, system design, implementation, stakeholder coordination, and evaluation. I will work with local authorities and rescue organizations to understand location-specific needs while ensuring that the solution remains adaptable to different disaster environments. The ideal researcher would contribute expertise in multi-UAV systems, computer vision, victim detection and localization, environmental reconstruction, optimization, modelling, and experimental evaluation. I can contribute expertise in software development, AI model and system optimization, computing and communication infrastructure, technical personnel, operational knowledge, collected data, simulation environments, and access to field-testing sites. I will also coordinate dataset development, organize simulations and field experiments, analyze results, and translate research methods into a reliable operational prototype. Through this collaboration, I aim to bridge scientific innovation and practical deployment, ensuring that the system is technically robust, field-relevant, scalable, and suitable for long-term adoption by emergency-response organizations.",2026-07-30
"PP-11","Practice partners","Vietnam Maritime University","University/Research Institution",,"https://vimaru.edu.vn/",FALSE,"Vietnam","Mobility/Transport","Enhancing Intermodal and Port–Hinterland Connectivity for Low-Carbon Freight Transport in Hai Phong","Connecting goods between Hai Phong port and industrial parks, logistics centers and back-end markets is still highly dependent on roads, while railways, inland waterways and transshipment points have not been effectively integrated. This increases transit times, logistics costs, congestion, emissions, and traffic risks. Import-export enterprises, shipping companies, port operators, people along logistics corridors and management agencies are all affected. The competitiveness of Hai Phong port, supply chain efficiency, urban environmental quality and emission reduction goals are therefore threatened. The project will map the flow of goods, identify bottlenecks, evaluate intermodal transport scenarios and propose infrastructure, operation and coordination solutions. Success is a priority roadmap and pilot solution that can be measured, applied, and replicated.","intermodal transport, port-hinderland connectivity, low-carbon city",,"There is currently no integrated database showing how and where goods are transported from Hai Phong port to industrial parks, logistics centers and the back-end market, where waiting times arise, empty vehicles, inefficient transshipment and high emissions. The data is currently scattered at ports, transport enterprises and management agencies, so it is not enough to objectively compare road, railway and inland waterway options. The researcher is needed to build baselines, model networks, evaluate modal shift scenarios, and design a pilot solution with clear measurement indicators.","We are expected to be the research partner and coordinating focal point in Hai Phong. The team will work with ETH partners to identify research questions, select priority port-rear corridors, develop data collection methods, and co-design pilot solutions. We will review policies and planning, conduct field surveys, interview businesses, consult with regulators, and support access to ports, industrial parks, logistics centers, and related transport routes. The team can contribute local networks, understanding of Vietnam's port and logistics systems, research personnel, expert time, work locations, and workshop support. The ideal research partner should have expertise in GIS, network analysis, intermodal transport modeling, logistics optimization, emissions calculations, and impact assessment. The two sides will jointly analyze data, test solutions, evaluate results and build a roadmap for replication.",2026-07-30
"PP-12","Practice partners","Environmental Chemistry and Ecotoxicology Lab, Phenikaa University","University/Research Institution",,"https://ecetlab.phenikaa-uni.edu.vn/",FALSE,"Vietnam","Water","Assessment and Sustainable Treatment of Water Pollution Associated with Plastic Waste Leakage in Urban and Coastal Areas of Vietnam","This project aims to assess the extent of water pollution associated with plastic waste leakage, with a particular focus on microplastics, organic pollutants, heavy metals, and antibiotic-resistant microorganisms in urban waterways, drainage canals, and coastal environments in Vietnam. Building on the objectives of the Less Plastic Vietnam initiative, the project will identify pollution hotspots, investigate the distribution and transport of microplastics, and evaluate their interactions with other contaminants in water and sediment systems.

In parallel, the project will develop and pilot sustainable treatment solutions, including biochar and other bio-based adsorbent materials derived from agricultural residues, as well as constructed wetland systems combining aquatic plants and beneficial microorganisms for the removal of microplastics and associated pollutants from wastewater and surface water.

The expected outcomes include: (i) a comprehensive database on plastic-related water pollution, (ii) cost-effective and environmentally friendly water treatment technologies, (iii) pilot-scale demonstration models, and (iv) policy recommendations to support plastic waste reduction, water quality protection, and the transition toward a circular economy and sustainable urban development in Vietnam.","Microplastic pollution,  Water quality assessment, Sustainable wastewater treatment , Urban and coastal water management, Circular economy and plastic waste reduction",,"A researcher is crucial because the project requires scientific expertise to design reliable sampling strategies, analyze microplastics and associated contaminants, and evaluate treatment performance using evidence-based methods. Researchers also connect laboratory findings with real environmental conditions, work with local stakeholders to identify pollution hotspots, and ensure that the proposed treatment technologies are technically feasible, environmentally sustainable, and scalable. Their role is essential for generating credible data, guiding decision-making, and transforming the project from a monitoring activity into a practical solution that supports plastic waste reduction and long-term water quality improvement in Vietnam","As part of this collaboration, I envision serving as the local project coordinator and research lead at Phenikaa University. I will contribute expertise in environmental monitoring, microplastic analysis, water quality assessment, and sustainable treatment technologies, while coordinating field sampling, laboratory analysis, and stakeholder engagement with local authorities and community partners. I will also facilitate collaboration between ECET Lab, Phenikaa’s interdisciplinary research groups, and international partners to develop pilot-scale treatment solutions and joint research outputs. In addition, I will support student and researcher exchange, capacity building, data sharing, scientific publications, and dissemination activities to ensure that the project generates both strong scientific outcomes and practical impacts for water pollution reduction and sustainable environmental management in Vietnam.",2026-07-31
"PP-13","Practice partners","Vina Hydrogen Co., Ltd.","Private company",,"https://vinahydrogen.com/",FALSE,"Vietnam","Climate & Environmental Protection","Development and Demonstration of Honeycomb Plasma Catalyst Technology for Advanced Air Purification","Vina Hydrogen Co., Ltd. (VINA-H) has developed an innovative honeycomb plasma catalyst technology for advanced air purification. Laboratory-scale testing demonstrated the effective removal of hydrogen, ammonia, and volatile organic compounds (VOCs) at ppm levels under ambient conditions, including high-humidity environments. Catalyst-coated honeycomb structures significantly enhance pollutant conversion efficiency, offering superior performance compared with conventional systems.
Unlike existing air purifiers that primarily remove particulate matter, this technology simultaneously eliminates hazardous gases, dust, and airborne microorganisms, providing a safer and healthier indoor environment.
This joint research project will design, fabricate, and validate plasma catalyst air purification systems of various capacities for pilot demonstrations in Vietnam. The project will optimize reactor design and manufacturing processes to reduce production costs while ensuring high efficiency, durability, and operational reliability. Successful commercialization will provide an affordable, high-performance air purification solution for industrial, commercial, and public facilities.","Plasma, VOCs Removal, Advanced Air Purification, Hydrogen",,"A researcher is crucial to the successful co-development and implementation of the Honeycomb Plasma Catalyst Technology project by providing scientific expertise in plasma engineering, catalyst design, reactor optimization, and air quality analysis. They also bridge laboratory research with pilot-scale demonstration, solve technical challenges, analyze performance data, and collaborate with industry partners to accelerate commercialization. Their expertise is essential for developing an innovative, reliable, and scalable air purification technology with measurable environmental and public health benefits.","I envision playing a leading role in the technical development, demonstration, and future commercialization of the Honeycomb Plasma Catalyst Technology for Advanced Air Purification. My responsibilities will include designing and optimizing the plasma-catalyst reactor, planning and conducting laboratory and pilot-scale experiments, evaluating pollutant removal performance, and analyzing experimental data. I will also coordinate collaboration among research institutions, industry partners, and end users to ensure the technology addresses real-world environmental challenges. In addition, I will contribute to project management, mentor junior researchers, publish scientific outcomes, and support intellectual property development and commercialization strategies. By combining my expertise in plasma technologies, hydrogen systems, and technology transfer, I aim to help transform this innovative research into a practical, scalable, and market-ready solution that improves air quality and delivers lasting environmental and societal benefits.",2026-08-01
"PP-14","Practice partners","Council for Scientific and Industrial Research, Smart Places, Housing and urban Studies Research Group","University/Research Institution",,"https://www.csir.co.za/what-we-do/built-environment/human-settlements-and-regions/housing-and-urban-studies",FALSE,"South Africa","Spatial Planning/Urban Design","Expanding online best practice knowledge exchange initiative to support southern African (SADC) countries to build more resilient human settlements","We are in the early stages of development of the idea. We want to build upon the existing Urban Knowledge Exchange ([removed] initiative that has already had local, state investment and build it into a wider regional, and real world, knowledge exchange platform/ network to address resilience of vulnerable communities in human settlements. Especially in the face of widening disasters and other threats to lives and livelihoods.","knowledge exchange, urban development, decision support, vulnerable communities, housing and human settlements",,"We would benefit considerably from the EU partnership and expertise in expanding the network we already have and in addressing the most pressing disaster related (and poverty related) challenges in a targeted and impactful way. How to move from online impact to real world impact, this is where we need the help and the support.","We have built the nextwork and the platform. We want to be the regional partner to expand and implement actions that will make a difference. We have a lot of the answers but need to research the best ways to have impact and intervene.",2026-08-04
"PP-15","Practice partners","National Agency for Scientific Research Promotion","University/Research Institution",,"https://www.anpr.tn",FALSE,"Albania; Egypt; Czech Republic; Hungary; Morocco; Poland; South Africa; Vietnam; Uzbekistan; Tunisia; Tajikistan","Water","Advancing Water Security and Climate Resilience through Innovation and Technology Transfer in the Mediterranean","Across the Mediterranean, particularly in Tunisia and other water-stressed countries, communities, farmers, industries and public authorities are increasingly affected by water scarcity, droughts, climate change and inefficient water management. Declining water availability threatens food security, economic activities, ecosystems and the well-being of local communities.

The project aims to strengthen water security and climate resilience by connecting research, innovation and real-world needs. It will identify common challenges, map and assess innovative water technologies, and pilot practical solutions for water efficiency, wastewater reuse, smart monitoring, sustainable agriculture and climate adaptation. A strong focus will be placed on technology transfer, capacity building and cooperation between research institutions, public authorities and businesses.

Success will mean measurable improvements in water efficiency, increased reuse of water resources, successful technology transfer, stronger research–industry collaboration, and scalable solutions that can be replicated across Mediterranean countries.","Water Scarcity – Climate Adaptation – Smart Water Management – Technology Transfer – Mediterranean Cooperation",,"A researcher is crucial to ensure that the project is based on robust scientific evidence and responds to real water challenges. Research can identify the underlying causes of water scarcity, assess the effectiveness and sustainability of innovative technologies, and generate reliable data to guide decisions. Researchers can also adapt solutions to local Mediterranean contexts, evaluate their environmental, economic and social impacts, and develop evidence-based indicators to measure results. Their involvement will bridge the gap between scientific knowledge and practical implementation, while facilitating knowledge exchange and technology transfer between research institutions, public authorities and businesses. This scientific approach will help ensure that solutions are effective, scalable and replicable.","As ANPR, we envision a role as a national facilitator and bridge between researchers, public authorities, businesses and other stakeholders in Tunisia and the wider Mediterranean region. We would contribute our experience in research and innovation programme management, technology transfer, stakeholder engagement and international cooperation. We can provide access to relevant national networks, research institutions, public stakeholders and potential pilot sites, as well as facilitate data collection and field activities. We would support the identification of local water challenges, co-design and implementation of pilot actions, dissemination of results and scaling of successful solutions. The ideal researcher would bring expertise in water management, climate modelling, technology assessment, impact evaluation and evidence-based approaches. Together, we aim to connect scientific knowledge with local needs and accelerate the adoption of practical, scalable and sustainable water solutions.",2026-08-10
"PP-16","Practice partners","Local Government Service (Wassa East District Assembly)","Government/municipality",,"https://www.weda.gov.gh",FALSE,"Ghana; South Africa","Mobility/Transport","The project builds in an empirical study I did in 2024/2025 on how transport systems have functionally facilitated the development of The Sekondi-Takoradi Urban Network, one of the 11 proposed polycentric urban regions in the Ghana National Spatial Development Framework (2015 - 2035). The current proposal is to partner with researchers in Switzerland and South Africa to do a comparative study on user centered transport systems.","Despite a polycentric spatial policy and a national transport framework that envision integrated, multimodal mass commuting across eleven designated urban networks, public transportation in Ghana remains inefficient and especially disadvantages those living at the urban edge. These shortcomings limit access to jobs, services, and opportunities to participate in urban life, while simultaneously reinforcing reliance on private vehicles for efficient travel and sprawling urban edges. Focusing on the Sekondi-Takoradi Urban Network, this study investigates how mass transit models often drawn from Global North contexts are reshaped to address end-user commuting patterns. A comparative lens encompassing a proposed network in Switzerland and Johannesburg, South Africa, will help identify principles for more context-sensitive transport planning. This empirical and comparative study will deliver evidence-based recommendations for user-centred principles in the design and development of mass commuting infrastructure, transforming public transport into a more attractive, efficient, respectable and socially accepted substitute for private car use for all social classes. Through this partnership, we believe accessibility in the metropolis can be improved through evidence-based strategies.","Public transport, user-centred design, multimodal networks, Sekondi-Takoradi,",,"Undertaking a comparative, multi-context study requires specialised research capacity, an understanding of  normative theory, and the ability to facilitate a neutral study that contrasts user centred design in Europe and African. While I have an interest in a comparative study, I do not have the research skills and knowledge of the methods, data and analysis for this project. Moreover, since most of the mass commuting policy and projects are inspired by global north paradigms, a researcher from this context will be better placed to objectively lead our comparative study.","This project builds directly on findings from my earlier research, which evaluated how public transport can support the implementation of a polycentric urban system. My role as a planner in the local government service and municipality provides practical access to government-designated officials for data and interviews. I can also facilitate focus group discussions, stakeholder interviews, and the engagement of specialised experts in Ghana where needed. Finally, I am positioned to help translate the research findings and recommendations into metropolitan transport plans and policies..",2026-08-12
"PP-17","Practice partners","Zeri i Zanatit","Other",,,FALSE,"Albania","Finance & Urban Governance","Remote Work, Infrastructure and Talent Retention in Albania's Secondary Cities","Albania's labour market debate focuses on emigration, but an equally important pattern is internal migration toward Tirana. Many remote-capable professionals move to the capital not because their work requires it but because secondary cities lack infrastructure and services — healthcare, education, connectivity, and public workspace to support a full professional life. 

Our project, building on an existing validated media platform (11 published interviews with professionals nationwide), investigates under what infrastructure and remote-work conditions professionals would prefer to stay in or return to secondary cities rather than relocate to Tirana. Using 24 structured qualitative interviews alongside labour-market and economic data from local partners, we aim to identify which infrastructure investments most effectively convert remote-work potential into actual talent retention. Success looks like an evidence-based framework that helps secondary cities prioritise investments that reduce migration pressure on the capital and support more balanced urban development.","urban development, internal migration, remote work, talent retention, secondary cities",,"While our media platform has direct access to professionals across Albania and has already gathered valuable qualitative material, we lack the rigorous research design, sampling methodology, and analytical framework needed to turn these stories into credible evidence. A researcher would help us design a defensible qualitative methodology, ensure the study can distinguish genuine patterns from anecdote, and connect our findings to existing urban-migration and labour-market literature. Day-to-day production can capture individual stories, but it cannot on its own produce a triangulated, policy-relevant framework linking remote work, infrastructure gaps, and migration decisions, which is exactly the kind of synthesis this project needs.","I would lead the Albania-side team and field research: identifying and interviewing 24 professionals across diverse secondary cities, professions, ages and genders, coordinating local academic and practice partners (economics and labour-market perspectives), and translating findings into accessible public content that also serves as dissemination. I bring an already-validated media platform with direct access to professionals nationwide (11 published interviews, ~21,000 organic views, ~2M impressions), established relationships with entrepreneurs and freelancers across different regions, and the capacity to conduct and produce structured interviews at scale.  From the researcher, I'm looking for expertise in qualitative or mixed-methods research design, migration/urban-economics framing, and guidance on turning interview data into a rigorous, triangulated evidence base, as well as support shaping a research question that genuinely serves both scientific and practical goals.",2026-08-12
"PP-18","Practice partners","Institute of Urban Planning and Development Research","NGO",,"https://quyhoachdothi.com/en/",FALSE,"Vietnam","Climate & Environmental Protection","Enhancing Community Capacity for Flood Prevention and Climate Change Response in the Urban Centre of Thai [removed], Thai [removed] Province","Thái [removed]’s urban centre faces increasing risks from heavy rainfall, flooding, and climate-related extreme weather, affecting residents, infrastructure, and local socio-economic activities. The community remains constrained by limited awareness, knowledge, preparedness, response skills, access to early-warning information, and coordination capacity, while local authorities also face limitations in community-based disaster risk management. The project aims to assess community capacity, identify vulnerable groups and areas, analyse factors affecting resilience, and develop practical solutions for proactive flood preparedness, response, and recovery. The proposed approach combines theoretical and practical assessment, community surveys, participatory risk mapping, workshops and training, development of an early-warning communication process, and pilot testing of a community-led flood preparedness model. Success will be reflected in improved community capacity, practical guidance and training materials, a replicable toolkit, and a tested model that can be adapted by other localities facing similar risks.","Community Capacity , Flood Risk Management , Climate Change Adaptation ,Community-Based Disaster Risk Management ,Community Resilience",,"A researcher is crucial to bridge local practice with rigorous, internationally informed research. Our Institute has strong expertise and networks in urban planning, community participation and climate change adaptation in Vietnam. Collaboration with a Swiss research partner can help Vietnam access advanced knowledge, methods and relevant international experience, while strengthening the research capacity of Vietnamese professionals through internationally recognised approaches. Joint research can provide robust evidence to design and evaluate the pilot before wider replication, identify practical improvements, and generate lessons for strengthening mechanisms and policies for local authorities. By sharing knowledge, expertise and other resources, both partners can develop a scientifically grounded and context-sensitive model with greater feasibility, credibility and potential for wider application.","As a Vietnamese research partner under the Vietnam Urban Planning and Development Association (VUPDA), our Institute will connect international research expertise with local implementation. We will facilitate engagement with Thai [removed] authorities and communities, provide access to relevant urban planning, climate change and flood-risk data, and support field research, participatory activities, training and pilot implementation. Our professional members have experience in urban planning, community participation and climate change adaptation, as well as international development projects supported by the World Bank, ADB, KOICA and the Ford Foundation. We will contribute professional networks, field access, staff time, technical expertise and local knowledge. Through collaboration with the Swiss partner, we aim to strengthen Vietnamese researchers’ capacity in internationally recognised research methods, share knowledge and resources, and jointly evaluate the pilot to ensure its feasibility before scaling up. The partnership will also generate evidence and practical recommendations to support improvements in local disaster-risk management mechanisms and policies.",2026-08-16
"PP-20","Practice partners","Viet Nam Sustainable City Development Joint Stock Company","Private company",,"https://www.vnscity.com.vn",FALSE,"Vietnam","Spatial Planning/Urban Design","PROJECT TITLE: Application of Green Infrastructure Solutions in Designing Green Spaces in the Northern Area of Hue Central City (Hue Citadel) with Community Participation","Problem Statement: Severe inner-city flooding, climate change, and high urban concretization threaten the UNESCO World Cultural Heritage site of the Hue Citadel. Heavy rainfall overloads silted historic hydrological networks. Conventional grey infrastructure conflicts with Heritage Conservation Laws, while local wards lack resources for community-driven flood mitigation. 
Objectives: The project aims to transform the heritage green space into a multifunctional Green Infrastructure (GI) framework to mitigate flooding, lower temperatures, and align with Net-Zero goals through community participation and heritage-sensitive design. 
Proposed Approach: The project integrates GIS spatial mapping, hydraulic modeling, Nature-based Solutions (NbS), and native plant species. It establishes a ""Co-design & Co-management"" framework, retrofitting cleared relocation zones and garden houses into stormwater management units. 
Vision of Success: Success looks like a restored, cohesive ""Sponge Network"", reduced flood risks via pilot GI models, active community co-management via the Hue-S platform, and established technical/policy guidelines for Heritage-Safe GI implementation.","Designing Green Spaces, Green Infrastructure (GI),Community Participation, Hue City's Greenery System","No","Co-developing with an ETH Domain researcher is crucial to access world-class research capacity in urban development, infrastructure, and climate resilience. Day-to-day operations and consultants lack the interdisciplinary depth needed to bridge Green Infrastructure with strict UNESCO heritage conservation. Through this partnership, we will get innovative analytics, digital tools, GIS methodologies, and technical prototype designs for sponge-city infrastructure. We require the researcher’s specialized skills in hydraulic flow modeling, climate-resilient NbS design , and participatory frameworks to transform Hue's historical water network safely.","Conducts topographic surveys, mapping, cadastral measurements, and land inventories. Prepares investment reports and cost estimates, performs technical design and verification for civil/infrastructure engineering, and manages project supervision and legal compliance. Leads spatial planning, heritage-sensitive landscape design, and eco-friendly Green Infrastructure (GI) solutions. Facilitates community co-design workshops, conducts urban social research, develops community-led maintenance frameworks, and manages capacity building and scientific dissemination.",2026-08-17
"PP-21","Practice partners","Center for Durable Solution Dialogue (CDSD)","NGO",,"https://cdsd.solutions/",TRUE,"Ukraine","Humanitarian Aid","Developing and Testing Innovative and Scalable Solutions for Ukraine’s Urban Recovery","Ukraine’s cities face an extraordinary urban recovery challenge: mass displacement, damaged infrastructure, changing demographics and constrained municipal resources are reshaping demand for housing, services and urban development. CDSD recently led a nationwide study, supported by international partners including the UN and INGOs, drawing on evidence from over 700 local self-government units. The research identified systemic challenges in municipal planning, housing and asset management, financing, data, transparency and institutional capacity, and recommended pathways for addressing them. These findings and recommendations provide the evidence base for this proposal. With recovery high on national and international agendas and major legislative reforms underway, practical, modern solutions are urgently needed. We seek to partner with ETH researchers to develop and test innovative and scalable approaches to housing provision and management, public asset management, urban planning and financing, including digital and blockchain-enabled governance. Success means tested tools, policies or prototypes that municipalities can adopt, complementing recovery efforts and unlocking opportunities for humanitarian and development investment.","Urban recovery; Municipal governance; Digital innovation; Public asset management; Sustainable financing","No","CDSD’s nationwide research identified systemic gaps in municipal asset records, transparency, housing management, financing and institutional capacity, alongside potential pathways for reform. We now seek expertise in decentralized digital infrastructure, smart contracts, verifiable asset registries, transparent value transfers and programmable governance to investigate whether these technologies can address such problems more effectively than conventional systems. Key questions include where decentralization genuinely adds value, how public assets and transactions can become traceable and auditable while protecting sensitive data, and how technology could improve municipal efficiency and accountability. We also seek to explore innovative financing mechanisms that can mobilise, channel and transparently manage investment for urban recovery.","CDSD offers an unusually strong platform for applied research in Ukraine: a substantial evidence base, access to the institutions that shape urban recovery, and the capacity to test solutions in real-world conditions. Our team brings 25 years of experience addressing displacement and housing challenges across Ukraine and nearly a dozen other crisis contexts, including 11 continuous years in Ukraine. Most recently, we led nationwide research engaging over 700 local self-government units and examining three decades of Ukrainian housing policy, legislation, programmes and delivery models. This provides both a deep understanding of systemic constraints and a strong foundation for testing alternatives. Our established relationships with municipalities, national authorities, and humanitarian and development partners can provide pathways from research to piloting, policy uptake and scale, while our Ukraine-based team can operate throughout the conflict. We seek complementary ETH expertise in digital infrastructure, systems design, modelling, urban planning and innovative financing to turn this foundation into rigorously tested solutions.",2026-08-22
"PP-22","Practice partners","Global Sustainable Futures Network CIC","Private company",,"https://gsfncic.org/",FALSE,"Egypt","Mobility/Transport","Alexandria Low-Carbon Mobility Corridor: Electrifying Microbuses and Transforming El-Gaish Road for People, Climate and Active Mobility","Alexandria faces growing transport-related emissions, congestion and pressure on urban public space. El-Gaish Road, a major coastal corridor, presents an opportunity to demonstrate how transport electrification and people-centred urban design can be integrated into a low-carbon mobility model. The project will assess the feasibility of transitioning Alexandria’s microbus system towards electric mobility, including charging infrastructure, operational requirements, costs, emissions reductions and implementation pathways. In parallel, it will map and assess El-Gaish Road to identify opportunities for safer and more attractive walking and cycling, improved public transport integration, reduced car dependency and potential low-emission zones. Through stakeholder engagement, spatial and mobility analysis, emissions modelling and scenario development, the project will develop a practical pilot concept and investment-ready roadmap. Success would be a locally grounded, evidence-based model demonstrating measurable carbon reduction while improving accessibility, public space and quality of life.","Urban mobility; Transport electrification; Low-carbon cities; Active mobility; Climate-resilient urban planning","No","An ETH-domain researcher is crucial to develop robust, research-based evidence for transforming Alexandria’s urban mobility system. We need rigorous analysis to quantify the potential carbon, air-quality, mobility and social impacts of microbus electrification and alternative street-use scenarios for El-Gaish Road. The researcher would bring expertise in transport systems, urban planning, spatial analysis, emissions modelling, scenario development and evaluation that goes beyond a conventional consultancy or operational assessment. This collaboration would enable us to test evidence-based pathways, identify what interventions are most effective and develop a scientifically credible, transferable model for low-carbon urban mobility.","We would contribute the practical, local and implementation perspective required to ensure the research responds to Alexandria’s real urban challenges. Our role would include supporting access to relevant local stakeholders, transport operators, municipal and planning actors, community representatives and other practitioners; facilitating field engagement and data collection; identifying relevant local datasets; and supporting mapping and assessment of El-Gaish Road and the microbus system.  We would also contribute project coordination, stakeholder engagement, contextual knowledge, dissemination and development of pathways for piloting and scaling the findings. Our networks can help connect the research team with Egyptian institutions and potential implementation partners.  Ideally, the ETH-domain researcher would contribute expertise in sustainable transport, electric mobility, urban systems, GIS/spatial analysis, emissions modelling, active mobility and impact evaluation, while we jointly develop the research methodology, pilot concept and implementation roadmap.",2026-08-23
"PP-23","Practice partners","Global Sustainable Futures Network CIC","Private company",,"https://gsfncic.org/",FALSE,"Ghana","Solid waste management","Cocoa Circular Energy: Developing a Decentralised Waste-to-Energy Model for 25,000 Cocoa Farmers in Ghana","Cocoa production generates significant volumes of organic residues that are often underutilised, creating environmental challenges while rural communities face energy and income constraints. Working with a network of approximately 25,000 cocoa farmers in Ghana, the project will investigate how cocoa pod husks and other agricultural residues can be converted into useful energy and valuable bio-products through decentralised circular economy models. The research will quantify available biomass, assess appropriate conversion pathways, model energy and greenhouse-gas reduction potential, and evaluate economic, social and environmental impacts. It will also explore how farmer organisations, local enterprises and energy users could participate in viable value chains. The project will develop an evidence-based model and pilot framework for decentralised cocoa waste-to-energy systems that can reduce waste, improve energy access, create additional farmer value and contribute to Ghana’s low-carbon transition.","Waste-to-energy; Circular economy; Cocoa residues; Renewable energy; Low-carbon agriculture","No","An ETH-domain researcher is crucial to generate rigorous evidence on the technical, environmental, economic and social potential of converting cocoa residues into energy. Key knowledge gaps include the availability and seasonality of biomass, optimal conversion pathways, energy yields, lifecycle greenhouse-gas impacts, carbon mitigation potential and the viability of decentralised systems across farming communities. Research expertise in bioenergy systems, resource modelling, lifecycle assessment, spatial analysis and techno-economic evaluation would enable robust comparison of technology and deployment scenarios. This evidence is essential to move beyond a conventional consultancy assessment and develop a scientifically validated, scalable model for Ghana’s cocoa-producing communities.","We would provide the real-world field platform and implementation context for the research, including access to a network of approximately 25,000 cocoa farmers and relevant farmer organisations and local stakeholders in Ghana. We can facilitate field engagement, stakeholder consultations, data collection and validation of assumptions regarding cocoa production, residue generation, current waste practices and local energy needs.  Our team can support identification and mapping of cocoa-producing communities, coordinate engagement with farmers and local institutions, and contribute staff time, project coordination, communications and dissemination. We would also help identify potential sites and implementation partners for future pilot activities and explore pathways for scaling successful models.  The ETH-domain researcher would ideally contribute expertise in bioenergy, waste-to-energy systems, circular economy, lifecycle assessment, techno-economic modelling, spatial analysis and impact evaluation. Together, we would develop evidence-based scenarios and a scalable implementation and investment roadmap.",2026-08-23
"PP-24","Practice partners","Arab Academy for Science and Technology and Maritime Transport (AASTMT)","University/Research Institution",,"https://aast.edu",FALSE,"Egypt","Energy","Alexandria Low-Carbon Mobility Corridor: Electrifying Microbuses and Transforming El-Gaish Road for Sustainable Urban Mobility","Alexandria faces increasing transport-related emissions, congestion and pressure on public space, while El-Gaish Road represents a major urban and coastal mobility corridor with significant potential for transformation. The project will develop a research-based pathway for transitioning Alexandria’s microbus system towards electric mobility while exploring how El-Gaish Road can become a more pedestrian- and bicycle-friendly, low-carbon urban corridor. AASTMT will work with an ETH-domain research partner to assess mobility patterns, transport emissions, electrification scenarios, charging requirements, active-mobility opportunities and alternative street-use configurations. The project will combine spatial analysis, transport and emissions modelling, stakeholder engagement and scenario development to identify technically, environmentally, socially and economically viable pathways. Success would be an evidence-based, locally grounded model and implementation roadmap demonstrating how transport electrification and people-centred urban design can reduce emissions while improving accessibility, safety and quality of life in Alexandria.","Sustainable urban mobility; Electric mobility; Low-carbon transport; Active mobility; Urban transformation","No","AASTMT seeks to develop robust research-based evidence to guide Alexandria’s transition towards low-carbon urban mobility. Important knowledge gaps include the real-world emissions and mobility impacts of microbus electrification, optimal charging and operating scenarios, and how changes to El-Gaish Road could affect walking, cycling, public transport, traffic and carbon emissions. An ETH-domain researcher would provide advanced expertise in sustainable transport, electric mobility, urban systems, GIS, transport and emissions modelling, scenario analysis and impact evaluation. This would enable rigorous comparison of alternative pathways and generate scientifically credible evidence to inform policy, investment and future implementation beyond what routine operational analysis or consultancy could provide.","AASTMT will provide the Egyptian academic, research and implementation platform for the collaboration, bringing expertise in maritime and transport systems, engineering, urban development and applied research. AASTMT can facilitate access to relevant transport, mobility and urban datasets and support engagement with municipal authorities, transport operators, planners, infrastructure stakeholders and local communities in Alexandria. AASTMT can contribute researchers, technical staff, student researchers and institutional facilities to support field investigations, data collection, GIS mapping, modelling, stakeholder engagement and validation of research findings. Its local knowledge and institutional networks will help ensure that the research reflects Alexandria’s specific mobility, infrastructure and socioeconomic conditions. The ETH-domain partner would ideally contribute complementary expertise in electric mobility, sustainable transport systems, urban planning, GIS/spatial analysis, emissions modelling, active mobility and impact evaluation. Together, AASTMT and the ETH partner would co-develop the methodology, scenarios, pilot concept and evidence-based roadmap for implementation and scaling.",2026-08-23
"PP-25","Practice partners","Public Union ""Taste route of Prykarpattia""","NGO",,"https://doroga-smaku.com/",TRUE,"Ukraine","Preservation and Sustainable Use of Wild Plants in the Carpathians","Carpathian Craft & Superfood Cluster: Sustainable Harvesting and Product Innovation","Small farmers in the Carpathian region face economic instability and lack of the technology to transform rich local resources into high-value goods. Without structured processing, sustainable harvesting methods, and strong market access, valuable ecosystem potential is lost, while local livelihoods remain fragile.

This project bridges Swiss R&D expertise with local Carpathian producers to build a resilient, value-added agro-food ecosystem. We will establish sustainable harvesting protocols for wild plants, develop innovative packaged superfoods (such as fruit jellies, candied fruits, and natural sweets), and strengthen the regional cluster and cooperative movement.

By combining scientific processing with collaborative farmer networks, we aim to transform raw local resources into market-ready products. Success will be defined by higher farmer incomes, preserved Carpathian biodiversity, and a scalable cooperative model for local craft producers.","Agro-food Innovation  Sustainable Harvesting  Craft Production  Cooperative Development  Local Superfoods","No","We face a knowledge gap in biochemical standardization, bio-resource modeling, and shelf-life optimization for wild-sourced superfoods. An ETH Zurich researcher brings world-class expertise in sustainable food processing engineering and bio-resource management. Beyond short-term consultancy, rigorous ETH research will establish scientific harvesting limits to protect biodiversity while optimizing precise extraction and processing formulas for high-value products (like candied fruits and natural sweets), enabling a scientifically backed, scalable cluster model.","As a regional hub, we provide direct access to an extensive local network of smallholder farmers, wild plant gatherers, and artisanal producers. We offer authentic field sites across the Carpathian region, historical local recipes, primary raw material samples, and operational staff time for pilot testing. Additionally, we provide full on-the-ground logistical support, stakeholder facilitation, and in-kind contributions to bridge academic research with practical, market-driven cluster execution.",2026-08-24
"PP-26","Practice partners","Department of economic development, Lviv city council","Government/municipality",,"https://city-adm.lviv.ua/,  https://city-adm.lviv.ua/lmr/departments/departament-ekonomichnoho-rozvytku/",TRUE,"Ukraine","Economic Recovery and Development","Evidence-Based Economic Transformation of a Resilient City: Developing a Data-Driven Economic Development Research for Lviv","Lviv is undergoing a profound economic transformation driven by the war in Ukraine, population displacement, labour migration, business relocation, changing logistics and investment patterns, and the need for post-war recovery. Yet the city lacks a comprehensive, up-to-date evidence base to understand these changes, identify emerging economic strengths and vulnerabilities, and make informed decisions about its future development.

The project aims to develop an integrated, evidence-based framework for analysing and shaping Lviv’s economy by combining economic, demographic, spatial, infrastructure and business data with stakeholder research. In close collaboration with Lviv City Council and an ETH-Domain research partner, the project will identify key growth drivers, barriers to growth and investment opportunities and investment in order to develop a methodology for prioritising sectors, policies and projects.

The project could provide a transferable approach for other cities facing major economic, demographic and spatial transformations caused by war, displacement or other systemic shocks.

The resulting evidence base become a strong and the most important base for Lviv’s Economic Development Strategy to 2030/2035 and serve as a practical tool for current and potential investors seeking reliable information on opportunities in Lviv as a strategically located, EU-border city and gateway to the Ukrainian market. Success will mean a validated methodology, clear economic priorities and actionable investment and development projects that strengthen the city’s resilience and competitiveness.","Lviv Economic Development,  Evidence-Based Urban Planning, Lviv's Economic Resilience Investment & Competitiveness, Post-War Urban Recovery","No","The ETH-domain researcher is crucial because the project requires a level of independent scientific expertise that is not currently available within the city’s existing analytical and consulting capacity. Lviv needs to move beyond descriptive economic analysis towards advanced spatial-economic modelling, integrated data analysis, scenario development and evidence-based forecasting to understand how war, displacement, migration, investment and infrastructure are reshaping its economy. An ETH-domain researcher from Switzerland would provide internationally recognised research methods, an independent perspective and expertise in modelling complex urban systems to support strategic decision-making.  This expertise would closely complement the work of Lviv’s business community, universities, civil society and the municipal institution City Institute, an established analytical and strategic-planning organisation. We have also held consultations with leading consulting companies specialising in strategic planning, which are ready to contribute to the project.","The Department of Economic Development of Lviv City Council would provide the researcher with access to municipal statistical and economic data, a comprehensive database of local businesses, and knowledge of the city’s economic context. We have already conducted preliminary analysis of existing sectoral strategies and strategies of other cities, and have established strong links with Lviv’s universities, research institutions, business community and the municipal Institute of the City.  Our role would be to facilitate data collection, stakeholder engagement, fieldwork and validation of research findings, ensuring that the research is grounded in Lviv’s real economic environment. Together, we aim to deliver a comprehensive economic study of Lviv Territorial Community, identifying growth sectors, economic vulnerabilities, labour and demographic trends, and infrastructure needs. The evidence generated would directly inform an actionable Economic Development Strategy for Lviv to 2030/2035 and evidence-based policies for investment, job creation, competitiveness and quality of life.",2026-08-24
"PP-27","Practice partners","Open Cities Lab","NGO",,"https://www.opencitieslab.org/",FALSE,"South Africa","Energy","Resilient municipal electricity through better data","Municipal electricity teams often manage asset, inspection, maintenance, service-vehicle and expenditure data across separate systems, limiting their ability to prioritise preventative maintenance and allocate resources effectively. The project would ask: How can integrated municipal data improve asset and fleet management, maintenance decisions and service reliability in municipal electricity services? Working with Tshwane or the City of Johannesburg, we would develop and test a decision-support model that combines relevant operational and spatial data. The project would build on Open Cities Lab’s VoltManage product and electricity asset-management work with the City of Cape Town. Success would mean evidence that the approach improves maintenance prioritisation, vehicle deployment and investment planning, together with a reusable model that other municipalities could adopt. A private-sector implementation partner could subsequently help sustain and scale the solution beyond the initial research and pilot.","Municipal electricity; infrastructure asset management; preventative maintenance; fleet optimisation; data-driven decision-making","No","Open Cities Lab’s strength lies in practical, user-centred delivery with municipalities rather than academic research. An ETH researcher would therefore be essential to translate our operational experience into a rigorous research design, develop and validate appropriate models, and evaluate whether and under what conditions integrated data improves maintenance decisions and electricity-service reliability. We require expertise in energy and infrastructure systems, asset and fleet optimisation, applied data science and impact evaluation. This would ensure the project produces credible, transferable evidence alongside a practical solution that municipalities can use.","Open Cities Lab would bring practical experience in municipal data systems, electricity asset management, interoperability and user-centred digital tools, including lessons from VoltManage and our work with the City of Cape Town. We would help identify and engage a city partner, understand operational needs, facilitate appropriate data access, and lead the practical development, testing and adoption of the solution with municipal teams. We would also contribute data engineering, product development and stakeholder-engagement expertise. The ETH researcher would complement this with rigorous research design, infrastructure and energy expertise, modelling and impact evaluation. Together, we could produce both credible evidence and a practical, reusable solution, with a pathway for longer-term implementation and scaling through an appropriate private-sector partner.",2026-08-25
"PP-28","Practice partners","Regional Development Agency of the Kyiv Region (RDAKR)","Government/municipality",,"https://arrko.com.ua/",TRUE,"Ukraine","Energy","Prioritising Municipal Energy Investments under Wartime Uncertainty. A Decision-Support Method for Kyiv Oblast Communities","Kyiv Oblast communities must rehabilitate and build resilience of public infrastructure like hospitals, water utilities, schools, heat supply under attack-driven damage, blackout risk and displacement, with a pipeline of decentralised energy projects far exceeding available financing. Municipal leaders, residents and donors currently choose investments without an evidence-based, transparent rationale; SECAP planning assumes stable conditions and ignores security of supply.
     Objective is to co-create an evidence-based decision-support tool for prioritising decentralised energy investments in public infrastructure under wartime uncertainty, combining resilience, cost, emissions and social criteria, and a governance model for its use by municipalities and financiers.
     Approach lies in development and testing the tool with RDAKR's real portfolio of 22 energy projects from 16 communities, SECAPs for 10 communities, reconstruction context of Bucha and Borodianka — building on our SECO/Helvetas cooperation in Kyiv Oblast.
     Success covers a validated, digital, replicable tool adopted in SECAP recommendations and the Kyiv Oblast Development Strategy 2028–2034, scalable to other oblasts (regions).","decentralised energy management, resilient public infrastructure, evidence-based decision-support, urban governance, recovery and reconstruction","No","Our gap is methodological since we know which energy projects communities want, but not how to prioritise them defensibly when attack probabilities, blackout duration and donor flows cannot be forecast. Consultants apply standard cost-benefit or SECAP templates that assume stable conditions; day-to-day operations cannot test alternatives. Rigorous research can define measurable resilience criteria for public infrastructure, model decentralised energy options under deep uncertainty, and evaluate which prioritisation rules perform robustly across scenarios. We need expertise in energy systems modelling, decision analysis under uncertainty and infrastructure resilience — and the credibility an ETH-domain partner gives the tool with financiers and government.","energy systems and infrastructure resilience modelling, multi-criteria decision analysis under deep uncertainty, evaluation methods; ideally experience with municipal energy planning or digital decision-support tools.  RDAKR offers a ready empirical base and uptake channel. Data: a structured portfolio of 22 municipal energy projects from 16 communities with costing, ownership and documentation status; SECAPs for 10 communities (being developed under Interreg Europe GreenGov to 2028); a regional biogas potential study; the Kyiv Oblast investment catalogue. Field sites: partner communities including Bucha and Borodianka reconstruction areas, with direct access to hospitals, water and heat utilities through our founders — Kyiv Oblast Council and State Administration. Networks: 60+ oblast communities, regional government, Swiss cooperation (SECO/Helvetas project partner), and donor coordination. Contribution: staff time of our international projects team, workshops with municipalities, data collection and validation, translation, in-kind support. Policy uptake: integration into SECAP recommendations and the Kyiv Oblast Development Strategy 2028–2034.",2026-08-26
"PP-29","Practice partners","Czech University of Life Sciences Prague","University/Research Institution",,"https://www.fzp.czu.cz/en/r-9406-about-the-faculty/r-9407-departments-labs/r-9471-departments/r-9651-department-of-ecology/r-15211-research-groups/r-15212-insect-ecology/r-15213-team-news",FALSE,"Czech Republic; Croatia; Poland","Spatial Planning/Urban Design","Biodiversity-Friendly Urban Lighting: From Light Pollution to Smart Night-Time Infrastructure","Artificial light at night is an increasing challenge for cities, affecting nocturnal biodiversity while also creating unnecessary energy consumption and environmental impacts. Cities need practical solutions that balance public safety, quality of urban space, energy efficiency and biodiversity protection.

We propose to develop and pilot a biodiversity-friendly approach to urban lighting that integrates ecological considerations into the planning, design and management of public lighting infrastructure. The project would combine ecological assessment, measurements of lighting characteristics and practical evaluation of different lighting strategies, including light intensity, spectrum, timing and spatial distribution. Pilot sites would be used to test interventions and evaluate their ecological and practical outcomes.

The goal is to develop a transferable, evidence-based approach that can support cities in planning, upgrading and managing public lighting infrastructure, demonstrating that efficient and functional night-time environments can be designed while substantially reducing impacts on biodiversity.","Artificial light at night (ALAN), urban biodiversity, public lighting, nature-positive infrastructure, smart cities","No","A researcher from the ETH domain is crucial for integrating rigorous ecological research with the practical challenges of urban lighting. The key knowledge gap is how specific lighting characteristics—spectrum, intensity, timing and spatial distribution—affect nocturnal biodiversity under realistic urban conditions. We require expertise in experimental design, biodiversity monitoring, light ecology and data analysis to identify effective interventions and quantify their ecological outcomes. This research-based approach will enable evidence-driven solutions that go beyond conventional lighting practice or consultancy and can be robustly tested, evaluated and transferred to other urban contexts.","The ideal researcher would bring expertise in artificial light at night, urban ecology and biodiversity, combined with strong skills in experimental design, light measurement, ecological monitoring and statistical modelling. Their role would be to co-design robust field experiments, evaluate ecological effects of different lighting strategies and help translate findings into evidence-based solutions for urban infrastructure.  We can contribute established expertise in insect ecology and ALAN, field experience with nocturnal arthropod monitoring, experimental protocols, light measurements and biodiversity datasets. We can also provide access to field sites, research equipment, staff time and established research networks. Together, the collaboration would connect ecological research with practical urban lighting challenges and support the development and testing of solutions that can be applied beyond individual pilot sites.",2026-08-26
"PP-30","Practice partners","LCCE Lvivvodokanal","Government/municipality",,"https://lvivvodokanal.com.ua/",TRUE,"Ukraine","Water","Smart and Resilient Urban Water Management through AI, GIS and Energy Optimisation","Lvivvodokanal serves more than one million people through a large and complex water supply system that faces ageing infrastructure, high energy consumption, limited digital integration and increasing resilience risks caused by power disruptions and other emergencies. These challenges affect service reliability, operational costs and the utility’s ability to prioritise investments effectively.

The project aims to develop and test a data-driven approach combining AI, GIS, asset data, hydraulic information and energy-use data to improve infrastructure management and operational resilience.

The proposed approach includes failure-risk prediction, prioritisation of rehabilitation measures, optimisation of pumping and energy use, and modelling of water-supply performance during power disruptions.

Success would mean a validated decision-support approach tested on selected Lvivvodokanal assets, measurable improvements in planning and operational efficiency, and a scalable methodology that could later be replicated by other Ukrainian water utilities.","Urban water management; Artificial Intelligence (AI); GIS; Asset management; Energy optimisation","No","Lvivvodokanal has strong operational expertise and access to real-world infrastructure data, but we need advanced research capacity to transform these data into scientifically validated decision-support methods. An ETH Domain researcher is essential to help develop robust AI, GIS, hydraulic and energy-modelling approaches, define appropriate research methodology, and validate results beyond routine operational analysis. This expertise would allow us to identify patterns, risks and optimisation opportunities that cannot be reliably derived through day-to-day utility operations alone. We are particularly seeking expertise in urban water systems, data science/AI, infrastructure asset management, hydraulic modelling, energy optimisation and resilience assessment.","Lvivvodokanal can offer a unique real-world testing environment for applied research in urban water infrastructure. We can provide access to operational and historical data, GIS and asset information, selected pumping stations and network areas, technical documentation, and support from experienced utility staff. Our team can contribute practical knowledge of water-system operation, energy use, infrastructure failures, emergency response and investment planning.  We expect the ETH researcher to bring advanced expertise in urban water systems, AI/data analytics, GIS, hydraulic and energy modelling, asset management, resilience assessment and scientific validation methods. The collaboration would combine academic rigor with operational practice, allowing new methods to be tested under real utility conditions. Lvivvodokanal can also support field validation, staff time, access to facilities and in-kind contributions, and help adapt the results for replication by other Ukrainian water utilities.",2026-08-26
"PP-31","Practice partners","Office for European Integration and Development","Other",,"https://www.facebook.com/eu.office.if",TRUE,"Ukraine","Water","Circular Sludge: Wastewater Sludge Treatment and Resource Recovery","The project aims to establish a modern system for managing sludge generated during wastewater treatment in the Ivano-Frankivsk community. Currently, sludge accumulation and disposal require significant resources, create additional pressure on infrastructure and pose potential environmental risks.
The project will assess the composition and volumes of sludge generated, develop a techno-economic feasibility study and implement a pilot treatment technology. Depending on laboratory research and techno-economic analysis, potential approaches may include anaerobic treatment, drying, composting, hydrothermal carbonisation or other modern methods that can transform sludge from waste into a resource.
The ultimate goal is to reduce the amount of sludge requiring disposal, decrease environmental impacts and management costs, and recover useful products such as biogas/energy, stabilised organic material and potentially valuable nutrients, including phosphorus and nitrogen. The pilot will support Ivano-Frankivsk's transition towards a circular model of water and waste management, with potential for replication across Ukrainian communities","Circular economy; wastewater sludge; resource recovery; wastewater management; environmental sustainability","No","The project requires research expertise to determine the most appropriate and sustainable pathway for transforming wastewater sludge into a useful resource. A researcher from the ETH domain could provide expertise in environmental engineering, sludge treatment technologies, resource recovery, laboratory analysis, techno-economic assessment and environmental impact evaluation. Rigorous research is needed to determine which treatment technology is technically feasible, environmentally safe and economically viable for the specific conditions of Ivano-Frankivsk. The research should provide the evidence needed to select and pilot an appropriate technology rather than relying on a generic technological solution","The Office can facilitate cooperation with the municipal water utility and relevant city departments and provide access to the local context and available information on sludge generation, wastewater treatment and existing infrastructure. We can support the organization of field and laboratory activities, collection of relevant operational data and identification of a suitable pilot site. The Office can also facilitate engagement with municipal decision-makers and other local stakeholders, support the development of the techno-economic feasibility study and help translate research results into a practical municipal solution. We can further support the identification of potential funding opportunities and the future scaling of the pilot model to other Ukrainian communities",2026-08-27
"PP-32","Practice partners","ETE Institute (Open Source Europe)","NGO",,"https://www.ete.institute",FALSE,"Ghana; Kyrgyzstan; Peru; South Africa; Romania; Vietnam; Egypt","Finance & Urban Governance","ÉTÈ: Neuromorphic & Geometric Safety Infrastructure for High-Risk Physical AI & Urban Resilience","Urban operators, drone fleets, and industrial workers face mounting safety risks from AI unreliability and unstandardized cross-border data. ÉTÈ addresses this by deploying a deterministic 6D geometric and neuromorphic safety kernel (""The Amygdala"") to provide microsecond hard-stopping and compliance for high-risk physical AI.

Collaborating with European research and OGC spatial standards, our objective is to operationalize a ""defatigue/cognitive load"" safety architecture in urban IoT and low-altitude economies. Success means establishing a verifiable, audit-ready physical safety layer that aligns with EU AI Act frameworks and secures urban autonomy.","Urban Infrastructure, Neuromorphic Safety, Spatial Standards, Digital Twin Governance, Physical AI Compliance","No","Day-to-day urban operations and standard consultants lack the formal verification framework required for high-risk physical AI. An ETH domain researcher is crucial to bridge the gap between theoretical neuromorphic computing and rigorous urban safety proofs. We need specialized expertise in formal verification, real-time control safety, and spatial data modeling to mathematically validate our 6D geometric safety kernel. Rigorous academic research will transform our engineering prototype into an audit-ready, EU AI Act-compliant infrastructure that commercial consultants cannot independently certify.","As the project lead and systems architect, I bring the overarching architecture (ÉTÈ) focusing on neuromorphic-geometric safety and international spatial standards (OGC). I will provide the core technical framework, open-source integration pipelines (such as verl reinforcement learning shims), and our European research institute (Fraunhofer) validation pathways. Furthermore, I offer direct access to cross-border industry networks, pilot use cases in low-altitude and smart urban IoT scenarios, and bridging resources with global standards bodies. We will act as the bridge translating academic rigor into scalable, real-world urban infrastructure deployments.",2026-08-28
"PP-33","Practice partners","NGO ""World Beach Sports Federation""","NGO",,"https://set.in.ua/",TRUE,"Ukraine","Energy","Resilient Alluvial Geothermal & Solar Hybrid Heating for Lightweight Sports Infrastructure in Kyiv","We operate a beach sports center in Kyiv featuring a lightweight, steel-frame tensile-membrane facility. Heating this space during wartime winter blackouts requires burning over 60 tons of wood pellets, causing high operational costs, carbon emissions, and severe logistical risks. Our objective is to design and model a resilient, low-carbon hybrid heating system. Partnering with ETH Zurich, we will research the integration of a shallow alluvial geothermal heat pump (utilizing the Dnipro River's shallow water tables) with our existing on-site Solar PV microgrid. The pellet boiler will serve strictly as a peak-shaving backup. Success looks like reducing seasonal biomass consumption from 60 tons to under 10 tons, achieving near-zero carbon heating, and securing a reliable, off-grid climate. This ensures a stable, year-round environment for our free adaptive beach sports and pickleball physical rehabilitation program for wounded Ukrainian war veterans.","Geothermal Heat Pumps, Hybrid Renewable Energy Systems, Decentralized Microgrids, Thermal Efficiency of Tensile Membranes, Veteran Adaptive Sports Rehabilitation","No","While we have operational and sports infrastructure expertise, we face a major technical knowledge gap: modeling transient heat losses in large-scale double-walled tensile membranes under dynamic wind/ambient conditions, combined with shallow alluvial groundwater geothermal heat exchange on riverbanks. Rigorous academic research from ETH is crucial to simulate these thermodynamics, model the soil-water heat-extraction capacity, and optimize the microgrid control algorithms for hybrid solar-geothermal-pellet integration. Standard commercial consultants lack the advanced simulation tools and scientific rigor required to design this innovative, resilient off-grid energy model for a conflict zone.","As the practice partner, NGO World Beach Sports Federation offers a fully operational 1.5-hectare riverfront Living Lab (SET Centre) directly on the alluvial quartz sands of Trukhaniv Island. We offer unrestricted access to this field site, existing infrastructure (including an operating Solar PV plant and a 60-ton pellet boiler system), real-time energy use data, and dedicated administrative staff time. Furthermore, we will leverage over $175,000 in-kind matching funds (land use, facilities, coaching staff hours). Finally, we offer a direct social impact channel, running free physical and mental rehabilitation programs for wounded Ukrainian veterans. We bridge the gap between cutting-edge Swiss engineering and real-world, crisis-resilient urban infrastructure implementation on the ground.",2026-08-28
"PP-34","Practice partners","Weorchestrate","Private company",,"https://www.weorchestrate.tech",FALSE,"Albania","Climate & Environmental Protection","Digital Lifecycle Stewardship Framework for Circular Packaging","The project aims to develop and test a digital lifecycle stewardship framework that manages products and packaging before they become waste. The challenge is that packaging placed on the market can become difficult to track once it leaves the point of sale, resulting in fragmented accountability, limited visibility of return and reuse, and reliance on downstream waste-management and statistical reporting. The proposed framework would connect product and packaging units to standards-based digital identities and lifecycle records, enabling verified return, reuse, recovery and end-of-life routing. The research would explore how such an interoperable system could support circular economy outcomes, producer accountability and more reliable lifecycle data within an urban context. A controlled pilot could test the framework with selected products, retailers and return points. Success would be demonstrated through measurable improvements in verified returns, lifecycle traceability, reuse and recovery data, and the feasibility of scaling the approach.","Circular economy; Digital lifecycle stewardship; Packaging traceability; Verified return; EPR","No","An ETH Domain researcher is crucial to co-develop and scientifically assess the framework, particularly its lifecycle governance model, interoperability with existing standards, verification mechanisms, and potential application in an urban context. The practice partner brings the real-world problem, local context, operational knowledge and stakeholder needs, while the ETH research partner would contribute scientific methodology, interdisciplinary expertise and independent evaluation. The collaboration would help translate the framework from a conceptual model into a researchable and testable approach, while identifying appropriate research questions, measurable indicators and a feasible pathway for controlled pilot testing and future scalability.","The ideal ETH Domain researcher would bring expertise in circular economy, digital infrastructure, lifecycle systems, research methodology and evaluation, helping us scientifically test and assess the Digital Stewardship Infrastructure Framework in an urban context. They would contribute to defining the research questions, methodology, measurable indicators and evaluation approach, and to assessing how the framework can generate reliable lifecycle data and support future scalability. As the practice partner and framework developer, we can contribute the existing framework and its underlying concepts, local knowledge and context, access to relevant stakeholders and potential pilot environments, and our time and expertise for co-design, field testing and validation. We can also support stakeholder engagement and provide the practical perspective needed to ensure that the research addresses a real-world need",2026-08-30
"PP-35","Practice partners","Simon Kuznets Kharkiv National University of Economics - potential academic research partner, Kharkiv, Ukraine","University/Research Institution",,"https://hneu.edu.ua/en",TRUE,"Ukraine","Skills","Adaptive Immersive Environment for Workforce Training and Reskilling to Support Ukraine’s Recovery","Ukraine’s recovery will require rapid reskilling and upskilling of people whose previous qualifications no longer match emerging labour-market and reconstruction needs, including veterans, displaced people, returnees and workers re-entering employment. The project will develop and validate research-based models and methods for adaptive immersive training, combining personalised learning pathways with AR/VR simulations, digital twins of professional situations, interactive tasks and AI-supported guidance. The research will address how training content, pace, difficulty and support can adapt to users’ prior experience, competency gaps and learning progress, and how immersive scenarios can support safe and repeatable practice of professional tasks. Together with an ETH Domain research team and a regional practice partner in Kharkiv, we will co-design and test selected use cases. Success means validated models, methods, design principles and prototype scenarios that provide a strong foundation for future implementation and scaling across Ukraine.","Adaptive immersive learning, Reskilling and upskilling, Extended Reality (XR/AR/VR), Human capital recovery, Workforce development","Yes","The project requires research-based methods for designing adaptive immersive reskilling that connect user profiles, competency gaps, personalised learning pathways and performance in simulated professional tasks. We are looking for an ETH Domain researcher with strong expertise in XR/VR, human-computer interaction, immersive simulation and experimental evaluation to co-develop and validate these methods. Their research contribution would strengthen the development of evidence-based models, design principles and prototype scenarios for adaptive immersive training and provide a strong foundation for future implementation and scaling in support of Ukraine’s recovery.","Our main need is a researcher with strong expertise in XR/VR, immersive simulation and human-computer interaction, ideally complemented by experience in adaptive learning or reskilling. The ETH Domain partner would contribute advanced methods for designing and evaluating immersive professional training scenarios and help validate the proposed models and design principles. S. Kuznets Kharkiv National University of Economics would contribute expertise in adaptive immersive learning, personalisation, educational digital twins, gamification and AI-supported learning, as well as existing conceptual and methodological groundwork. Together with a regional practice partner in Kharkiv, we can provide access to local reskilling needs, stakeholders, potential users and field settings for co-design and evaluation. We can also contribute staff time, research infrastructure and in-kind support to the collaboration.",2026-08-31
"PP-36","Practice partners","Global Alliance - Cities4Children/Save the Children","NGO",,"https://www.cities4children.org",FALSE,"Vietnam; South Africa; Peru; Indonesia; Egypt; Albania; Kosovo","Spatial Planning/Urban Design","Cities for Children and youth","Today, most of the world’s children are growing up in cities and towns. Yet for too many children in low- and middle-income countries, urban life means inadequate housing, unhealthy living environments, limited and low quality learning, and few safe places to play and meet friends. With rapid urbanisation, growing inequality, and weak governance, children face a large number of challenges in cities.  Here is an article explaining 24 reasons why cities and towns must do better for children to ensure that every child can grow up healthy, safe, happy, and hopeful. [removed]
Save the Children operates in almost 100 countries and we are keen to collaborate with researchers who are interested in addressing a range of topics relevant for children in urban contexts, with a strong focus on the most marginalized children. Given the breadth of topics and countries where we work, we are keen to discuss preliminary ideas with researchers and with our country offices to see what is possible.","inclusive urban development; children; youth; families; slum upgrading; cities for children","No","A focus of research on children in cities in Africa, Asia and Latin America is sorely lacking. We are hoping to work with researchers to co-develop a policy and practice relevant research agenda.","An interest and track record on topics relevant to children and urban development. We can offer links with Save the Children country offices, their networks, access to the neighbourhoods where they work, some matching staff time. We also have leading researchers on various topics who are part of the Global Urban Team, who would be involved in the design and entire process.",2026-09-01
"PP-37","Practice partners","UrbanEcho","Private company",,"https://urbanecho.io/",FALSE,"Ghana; Egypt; Croatia; Morocco; Peru; South Africa; Romania; Serbia; Vietnam; Tunisia; Slovenia; Czech Republic; Latvia; Kyrgyzstan; Indonesia","Mobility/Transport","Data-driven urban decision support tools for inclusive and sustainable cities","Urban decision-makers often struggle with fragmented and disconnected data sources, making it difficult to evaluate policies, coordinate stakeholders, and translate research into practical action. This challenge affects city governments, infrastructure agencies, service providers, and residents, particularly in rapidly growing cities where decisions must be made under uncertainty.

This project aims to integrate diverse city data into a shared operational environment for analysis, scenario testing, and decision support. Working alongside researchers and city stakeholders, the platform will transform research outputs into practical workflows and tools that can support everyday planning and policy processes. Potential applications include decision workflows for mobility planning, infrastructure investment, service accessibility, climate resilience, and urban development interventions.","Urban Digital Twins and systems, Evidence-Based Planning, Urban Analytics, City Governance, Policy Decision Support","No","Urban planning decisions often involve complex trade-offs that are not fully understood or documented. An ETH researcher is essential to map infrastructure planning and governance processes, identify key decision points, and determine the data, models, and evidence required to support them. This requires rigorous research that goes beyond conventional consulting by generating transferable knowledge and scientifically grounded methodologies. Together, the researcher and UrbanEcho will translate these insights into digital workflows, decision-support tools, and urban digital twin capabilities that enable the local practice partners to apply research findings in their day-to-day planning and investment decisions.","We envision contributing expertise in urban digital twins, data integration, and decision-support platform development. UrbanEcho will provide the technical environment needed to combine fragmented urban data, operationalize research outputs, and translate them into practical tools that can support day-to-day planning and investment decisions.  Our ideal researcher would bring expertise in urban governance, infrastructure planning, decision analysis, participatory methods, and urban systems modelling. Their role would be to identify key planning decisions, map decision-making processes, determine the data and analytical methods required, and develop evidence-based approaches for evaluating interventions.  UrbanEcho will contribute platform development, technical staff time, urban analytics expertise, stakeholder engagement support, and access to a growing network of city, academic, and industry partners. Together, we aim to co-develop digital workflows that enable practice partners to apply research findings in real-world planning processes and scale successful approaches across multiple cities.",2026-09-01
"PP-38","Practice partners","Zendra Haris Prasetya","University/Research Institution",,"https://pasca.unpad.ac.id",FALSE,"Indonesia","Climate & Environmental Protection","Empowering Communities for Urban Resilience: A Comparative Model of Environmental Management Governance and Climate Preparedness in Bandung (Indonesia) and Kobe (Japan)","Rapid urbanization and climate-related pressures are exposing weaknesses in how cities manage household waste, particularly in Indonesia, where municipal systems often depend on uneven community participation and fragmented local governance. This project aims to develop an adaptive, community-based environmental governance model by comparing waste management and resilience practices in Bandung, Indonesia, and Kobe, Japan. The partnership with researchers at Kobe University provides a distinctive opportunity to connect Japan’s mature community-based environmental governance experience with Bandung’s dynamic grassroots practices, enabling meaningful cross-context learning rather than simple policy transfer. Using a mixed-methods approach, the study combines household surveys, stakeholder interviews, focus groups, and comparative policy analysis to examine behavioral readiness, institutional coordination, environmental justice, and community participation. Success would mean producing an empirically grounded comparative governance model, practical policy recommendations, and transferable principles for strengthening source-level waste reduction, community resilience, and social inclusion.","Environmental Governance, Urban Resilience, Waste Management, Community Participation, Climate Adaptation","No","ETH domain researcher is crucial to advancing the project from a bilateral comparative study into a broader and more transferable urban research platform. The involvement would strengthen the analytical design, deepen cross-context comparison, and help test whether insights from Bandung and Kobe can inform wider urban settings. We particularly value expertise that can sharpen the integration of environmental governance, urban resilience, and community-level evidence within a rigorous comparative framework. ETH participation would also expand the project’s collaborative scope, enabling stronger methodological exchange, wider international learning, and a more robust basis for future joint research and policy engagement.","We envision contributing the empirical, institutional, and implementation foundation of the collaboration. Our team brings expertise in environmental governance, community-based waste management, urban resilience, and mixed-methods research, supported by established academic and practitioner networks in Indonesia and Japan. We can provide access to field sites in Bandung, community and municipal stakeholders, local research staff, and primary data collection, while our collaboration with Kobe University enables direct comparative learning from the Japanese context. We seek an ETH researcher with expertise in urban governance, sustainability transitions, resilience, or related comparative and evaluation methods who can help strengthen cross-context analysis and model development. Together, the partnership would combine locally grounded evidence with rigorous comparative research to generate findings that are scientifically robust, practically applicable, and transferable to other urban contexts.",2026-09-02
"PP-39","Practice partners","National Territorial Planning Agency, Albania","Government/municipality",,"https://www.planifikimi.gov.al/",FALSE,"Albania","Spatial Planning/Urban Design","Digitalization and Artificial Intelligence for Climate-Resilient Spatial Planning in Albania","To analyze the readiness of AKPT's existing geospatial datasets and explore how artificial intelligence (AI) and satellite imagery can be integrated into current systems to model urban heat stress. Identifying data gaps in Albania’s most vulnerable urban areas (Tirana, Durrës, etc.). Developing a pilot algorithm or model (using open-source geospatial platforms) demonstrating how implementing green corridors or urban forests can lower local temperatures in a pilot neighborhood.","urban development, sustainability, cohesion and planning","No","AKPT wants to integrate advanced AI algorithms with GIS to simulate urban heat stress, requiring specialized skills in geospatial machine learning, climate modeling, and digital urban design to develop novel, peer-reviewed microclimate predictive models for localized impact. The provided text highlights AKPT's need for specialized expertise in integrating advanced AI with GIS to simulate urban heat stress, a capability not met by their current operations or standard consultants. To address this, AKPT requires collaboration with an ETH researcher who can co-develop novel, peer-reviewed microclimate predictive models. This expertise should come from departments like D-BAUG or D-ARCH, focusing on geospatial machine learning, climate modeling, and digital urban design to create a customized, actionable tool for scalable local impact based on complex climate data.","AKPT, Albania's national planning agency, seeks an ideal ETH researcher with expertise in geospatial machine learning, microclimate modeling, and evaluating Nature-Based Solutions. AKPT offers comprehensive GIS databases, direct connections with municipalities, and urban field sites for pilot testing, along with significant staff time and administrative support to ensure the project is demand-driven and collaboratively developed.",2026-09-03
"PP-40","Practice partners","Institute for Urban Politics","NGO",,"https://www.ministarstvoprostora.org",FALSE,"Serbia","Spatial Planning/Urban Design","Digital Tools for Citizen Engagement","The Republic of Serbia faces significant challenges in ensuring meaningful public participation in planning processes. This is partly because the initial stages of participation, particularly informing and communicating with the public, are often insufficiently transparent and difficult for citizens to understand. In spatial and urban development, local civil society organisations (CSOs) and neighbourhood groups have become important actors in communicating planning information. However, many lack the capacity to continuously monitor planning processes and respond in a timely manner.

This project explores how digital technologies can support these actors in overcoming such capacity constraints and improve access to planning information. It aims to identify practical digital approaches that strengthen their ability to inform citizens and create better conditions for meaningful participation.

The research will (1) evaluate existing practices for informing the public about planning processes; (2) engage CSOs through a focus group to identify needs, barriers and opportunities; and (3) develop potential digital solutions for future implementation and testing.","Participatory Planning; Digital Technologies; Urban Development","No","After 15 years and work with over 100 community groups, we have tried many approaches to informing and engaging citizens in planning, adapting pragmatically to circumstances, but never systematically evaluated what actually drives understanding and sustained participation. That gap sits beyond daily practice or a short-term consultant: it needs rigorous, comparative research into digital participation tools, including why our outreach still skews toward users over 45 with limited digital literacy beyond social media. An ETH researcher brings the research design and evaluation expertise to turn 15 years of practice-based experience into an evidence base for future digital tool guidelines.","We need a researcher in digital civics: evaluation research at the intersection of social and political science and human-computer interaction, who can help us understand what works and what doesn't in informing and engaging citizens, and what should be tested in outreach and technology to be applicable for Serbia in 2027. We already have in-house capacity to build digital tools; what we lack is the evidence base to shape them meaningfully.  We bring 15 years of grassroots practice and multiple tested methodologies, direct access to neighborhood groups and interested citizens across Serbia as field sites for testing, communication channels for civic informing already recognised by the wider public, and a network of urban planners, activists and NGO professionals. Of our 7 staff, 4 work directly with people in the field and would be directly involved in this research, providing dedicated staff time throughout the project.",2026-09-04
"PP-41","Practice partners","U-Nation","Other",,"https://unation.global/",TRUE,"Ukraine","Economic Recovery and Development","Investment and innovation readiness of Ukrainian urban recovery projects","Key Research Question: How can Ukrainian cities increase the investment and innovation readiness of recovery projects and bridge the gap between local needs and the requirements of international investors, financial institutions, technology companies, and implementation partners? The logic of the research program: Research → Investment Readiness Assessment → identification of gaps → search for European innovations → finalization of projects → international validation → investment and innovation readiness. As a result, the program should create a practical mechanism that will help transform the needs of Ukrainian cities → into high-quality projects → integrate relevant European innovations into them → increase their investment readiness → create a basis for financing and further implementation.","Investment, innovation, international partnership, recovery","No","Gap: lack of research methodology. The research should be large-scale and focused on many aspects at the same time: identification of typical barriers that prevent urban projects from moving from an idea or concept to financing and implementation, investigation how the integration of modern technologies, solutions and practices of European cities and companies can increase the investment readiness of Ukrainian projects and their attractiveness for partners. Requirements from researcher: experience in strategic urban planning, in investment readiness, preparation of urban and infrastructure projects, networt among Swiss and international investors, ability to connect Ukrainian recovery projects with Swiss technologies and financing opportunities.","Ideal reseacher would bring academic leadership, international comparative analysis, data evaluation and scientific validation. From our side we can offer  a database of 40-60 real projects, their initial technical assessment of projects, working directly with cities, involving network of stakeholders, European cities, investors, companies and experts, staff time.",2026-09-04
"PP-42","Practice partners","Odessa 5T","Private company",,"https://odesa5t.com.ua/en/",TRUE,"Ukraine","Public Services","AI-Driven Waste Valorisation in Odesa","The accumulation of construction waste and war-related debris in Odesa presents a critical opportunity to recover, recycle, and reuse materials to support reconstruction through waste valorisation. To make this process faster and safer, we propose developing a practical, AI-powered software solution designed to automate waste identification, segregation, and recovery at demolition and debris sites. Using image recognition and machine-learning, site managers can capture images of materials, such as bricks and metals, to pre-identify historical origin, screen for toxicity, and evaluate viability for upcycling into new construction materials. Starting with a pilot focused on a single material type, the project can be further scaled up to broader material classes. By streamlining waste collection and sorting, this technology aims to minimise manual labor, accelerate clearing of debris, and drive circular practices into Odesa’s urban restoration.","AI-Driven Waste Valorisation, Circular Reconstruction, Sustainable Urban Recovery, Digitalisation","No","The ETH domain researcher provides the necessary technical capacity and specialised know-how in waste valorisation and basic machine learning to build AI models that could accurately identify materials, screen for toxicity, and ensure the successful implementation of circular reconstruction in Odesa.","As an Odesa-based implementation partner, we bring direct access to local field sites and operational networks to host the project’s pilot and testbed environment. In return, we envision our role as the primary operational co-creator, ensuring the AI-driven software is continuously refined, tested, and validated in real-world conditions before scaling it across broader material classes and restoration sites. To complete this collaboration, our ideal ETH domain researcher brings specialised subject matter expertise in demolition waste valorisation, combined with machine learning, image recognition modeling, and toxicity screening methodologies. While they lead the technical architecture and model training, we can provide the practical testbed required to co-develop, deploy, and scale up this solution safely and effectively across Odesa.",2026-09-05
"PP-43","Practice partners","Manado City","Government/municipality",,"https://manadokota.go.id/",FALSE,"Indonesia","Climate & Environmental Protection","Nature-based Solutions for Riparian Restoration and Flood Mitigation in Manado","The expansion of commercial and residential areas along the riparian zones of major rivers in Manado, including the Tikala, Tondano, and Sario, have caused recurring floods particularly during heavy and prolonged rainfall. This expansion has led to progressive river narrowing and severe sedimentation, significantly reducing buffer zones and the waterways' capacity to manage excess water. To strengthen the riparian restoration efforts and establish a more robust buffer zone, we propose a combined laboratory and pilot study to test fast-growing woody vegetation species capable of mitigating and slowing sedimentation rates. The findings from this study will then inform a policy brief submitted to local government authorities to enhance their river revitalisation strategy.","Nature-based solutions, Flood mitigation, Riparian restoration, River renaturation","No","Co-developing this project with an ETH Domain researcher, specifically from the Swiss Federal Institute for Forest, Snow and Landscape Research (WSL), is crucial due to their world-leading expertise in soil bioengineering, natural hazard mitigation, and plant ecology. Given Switzerland's extensive experience in managing severe flooding and erosion, a WSL researcher brings vital technical capabilities in evaluating fast-growing woody vegetation, plant-soil mechanics, and sediment dynamics. Their participation ensures rigorous laboratory and field methodology to test optimal species for riparian restoration.","As the local lead, I drive field operations, stakeholder coordination, and policy translation in Manado. I offer direct access to pilot sites along the three rivers, established government networks, land-use data, and dedicated staff time.  The ideal ETH Domain researcher brings complementary expertise in soil bioengineering, natural hazard modeling, and plant-soil mechanics, alongside rigorous methods for evaluating fast-growing woody vegetation to slow down sedimentation rates.",2026-09-06
"PP-45","Practice partners","North-West University","University/Research Institution",,"https://www.nwu.ac.za/",FALSE,"South Africa","Spatial Planning/Urban Design","Solar Cities and Regions: Policy innovation for accelerated urban and regional solar energy adoption in South Africa (North Cape)","South Africa possesses some of the world's most exceptional solar resources, particularly in the Northern Cape. Nevertheless, municipalities continue to face challenges, including energy insecurity, ageing infrastructure, reliance on electricity sales for revenue, and limited policy capacity to promote distributed renewable energy generation. Cities and regions are increasingly recognised as vital stakeholders in the energy transition. Municipal governments can influence the adoption of solar energy through mechanisms such as zoning regulations, building codes, municipal procurement procedures, tariff structures, permitting processes, and local investment incentives. However, there remains insufficient evidence regarding which policy combinations are most effective, equitable, and scalable in the South African context.","spatial planning policy; green energy; underdeveloped region","No","Switzerland’s urban planning and solar energy framework appears to integrate energy mandates directly into spatial planning laws. Any new building with a rooftop or facade exceeding 300 square metres must install a solar energy system. This change affects spatial planning for large urban and regional projects. Switzerland also uses spatial planning laws to reduce bureaucratic hurdles for solar installations. The Federal Act on Spatial Planning states that certain solar systems do not require a standard, time-consuming building permit. Practical knowledge of how these policies are implemented would add tremendous value to the proposed study area.","The Northern Cape Province is South Africa's largest, but least developed region. However, it has the most potential for solar development initiatives given its location and physical characteristics. We have been conducting spatial planning projects in this province for 20 years and have built a significant institutional network. Numerous large-scale solar projects have been developed in this province, but they are focused on feeding energy into the national grid. There is no initiative to integrate green energy into spatial planning policy and legislation, and this proposed pilot project would investigate its feasibility.",2026-09-07
"PP-46","Practice partners","Office for European Integration and Development","Other",,"https://www.facebook.com/eu.office.if",TRUE,"Ukraine","Energy","Smart, Energy-Efficient and Human-Centred Urban Lighting for Ivano-Frankivsk","Ivano-Frankivsk needs to modernize its urban lighting system to improve energy efficiency, safety, accessibility and the quality of public spaces. The city is interested in moving from conventional lighting infrastructure towards a smart, adaptive and data-driven system that responds to pedestrian flows, mobility patterns, safety needs and energy constraints. The project would assess the existing lighting infrastructure, identify priority areas and develop a research-based model for modern urban lighting, including energy-efficient technologies, adaptive lighting, smart controls and data-driven planning. Particular attention would be paid to the relationship between lighting, pedestrian safety, accessibility, urban mobility and the attractiveness of public spaces. The expected result is a replicable model and evidence-based recommendations for phased investment in smart urban lighting, supporting both municipal decision-making and future EU-oriented urban development projects","Smart city; urban lighting; energy efficiency; public space; urban safety","No","The project requires research expertise that goes beyond the technical replacement of lighting equipment. We need to understand how lighting technologies, energy consumption, pedestrian behaviour, safety and public-space design interact. An ETH-domain researcher could contribute expertise in smart-city systems, urban modelling, energy efficiency, spatial analysis and evidence-based evaluation. Research could help identify optimal lighting scenarios, model energy and operational impacts, and assess how different lighting configurations affect safety, accessibility and urban activity. This would allow the city to move from infrastructure renewal towards a scientifically grounded and measurable urban lighting strategy","The Office can provide the researcher with access to the local urban context, municipal stakeholders, relevant city departments and potential infrastructure partners. We can facilitate access to available data on the existing lighting network, energy consumption, public spaces, mobility patterns and priority urban areas, subject to applicable data-access rules. The Office can also support field research, stakeholder interviews, pilot-site identification and engagement with the municipality and local community. We can help translate research findings into practical municipal recommendations and investment concepts, identify potential EU funding opportunities, and support communication with local decision-makers. Our contribution would therefore bridge scientific research and real-world urban implementation",2026-09-07
"PP-47","Practice partners","Office for European Integration and Development","Other",,"https://www.facebook.com/eu.office.if",TRUE,"Ukraine","Spatial Planning/Urban Design","Designing an Inclusive City: Evidence-Based Accessibility and Inclusive Sports Spaces","Ivano-Frankivsk is seeking to strengthen accessibility and inclusion as fundamental principles of urban development and reconstruction. The challenge is to move from individual accessibility interventions towards a systematic approach in which public spaces, pedestrian routes, recreational areas and sports infrastructure are designed around the needs of diverse users. The project would investigate barriers experienced by people with disabilities, older people, children and other groups with different mobility and sensory needs, and develop an evidence-based framework for inclusive urban design. Particular attention would be given to inclusive sports and recreation facilities that can be safely and meaningfully used by people with different physical abilities. Through spatial analysis, user research and participatory design, the project would identify priority interventions and develop principles, indicators and pilot solutions for inclusive public spaces. The expected outcome is a practical model that can guide future municipal planning, investment and urban reconstruction","Inclusive urbanism; accessibility; universal design; inclusive sports; public space","No","Creating genuinely inclusive urban environments requires more than applying accessibility standards. We need research to understand how spatial design, mobility patterns, user behaviour and different physical and sensory needs interact in real urban environments. An ETH-domain researcher could contribute expertise in universal design, urban planning, spatial analysis, mobility, human-centred research and participatory methods. Research could help develop measurable accessibility indicators, identify systemic barriers and evaluate alternative design solutions. This would enable the city to establish an evidence-based approach to inclusion rather than relying solely on individual infrastructure projects or compliance-based assessments","The Office can provide access to the local urban context and facilitate cooperation with municipal departments responsible for urban planning, infrastructure, social policy, sports and public spaces. We can support fieldwork, accessibility audits, user interviews and participatory workshops involving residents and relevant community organisations. The Office can help identify potential pilot locations, facilitate communication with decision-makers and coordinate local stakeholders. We can also support the translation of research findings into municipal planning tools, project concepts and investment proposals. Our European-integration role provides an additional platform for aligning the proposed model with European approaches to accessibility, inclusion and sustainable urban development",2026-09-07
"PP-48","Practice partners","Office for European Integration and Development","Other",,"https://www.facebook.com/eu.office.if",TRUE,"Ukraine","Public Services","Resilient Urban Healthcare: Integrating Health System Needs into City Reconstruction","The reconstruction of Ukrainian cities creates an opportunity to rethink healthcare not only as a network of medical facilities but as an essential component of resilient urban development. Ivano-Frankivsk needs a research-based approach to planning healthcare infrastructure and services in relation to demographic change, population mobility, emergency risks, accessibility and the changing needs of residents. The project would analyse how healthcare facilities and services are distributed across the urban area, identify spatial and functional gaps, and develop scenarios for a more resilient and accessible urban healthcare system. Particular attention would be paid to the relationship between healthcare, transport accessibility, emergency preparedness, social infrastructure and population needs. The objective is to develop a model and set of planning indicators that can support municipal decisions on healthcare infrastructure, investment priorities and reconstruction. The approach could provide a transferable framework for other Ukrainian cities facing similar reconstruction and resilience challenges","Urban health; healthcare resilience; reconstruction; accessibility; spatial planning","No","The project requires interdisciplinary research linking urban planning, spatial analysis, healthcare systems, demographic modelling and resilience planning. The key knowledge gap is how to translate changing population needs and risks into optimal spatial and infrastructural configurations of urban healthcare. An ETH-domain researcher could contribute advanced methods for spatial modelling, accessibility analysis, scenario development and evidence-based planning. Research could identify underserved areas, model future demand and test alternative infrastructure and service scenarios. This would provide a stronger analytical basis for municipal investment decisions than conventional facility-by-facility planning","The Office can facilitate cooperation with the municipality, healthcare institutions, urban-planning authorities and other relevant stakeholders. We can support access to available spatial, demographic, infrastructure and service-delivery data and facilitate field research and stakeholder consultations. The Office can help identify priority urban areas and potential pilot cases, organise engagement with local decision-makers and translate research outputs into practical municipal strategies and investment concepts. We can also contribute expertise in European integration, project development and funding opportunities, helping connect the research findings with European reconstruction, resilience and urban-development priorities and potential financing instruments",2026-09-07
"PP-49","Practice partners","Ternate City","Government/municipality",,"https://ternatekota.go.id/",FALSE,"Indonesia","Spatial Planning/Urban Design","Smart Early Warning System for Disaster Resilience in Ternate","As an island city, Ternate is highly vulnerable to natural hazards, particularly tidal flooding, landslides, and earthquakes. Despite these recurring threats, its Early Warning System (EWS) remains underdeveloped. To advance disaster mitigation and support Ternate's vision as a resilient Smart Island, we propose developing an integrated spatial intelligence application that integrates multi-layered geographic data, including land-use patterns, land morphology, topographic conditions, and designated hazard zones, based on Ternate’s updated Regional Spatial Plan (RTRW). The platform will run predictive risk evaluations to generate real-time spatial visualisations, enabling municipal authorities to dynamically identify safe assembly areas and determine the most effective evacuation routes during emergencies. To ensure seamless adoption, the project incorporates targeted technical assistance and training for local government agencies, improving emergency communication protocols and public disaster risk literacy. Together, these interventions will optimise municipal response, strengthen early action, and safeguard lives and infrastructure across Ternate.","Early Warning System, Spatial Intelligence, Disaster Resilience","No","Co-developing this project with an ETH domain researcher, particularly from the Swiss Federal Institute for Forest, Snow and Landscape Research WSL, is essential to bridge critical expertise gaps in multi-hazard modeling and spatial planning. While routine operations manage basic responses, WSL offers advanced scientific capabilities to simulate complex natural hazards, model risk dynamics, and develop reliable predictive forecasting. Their expertise would be vital for converting multi-layered geographic data into a robust spatial intelligence application, while their recognition and experience in socio-institutional analysis ensures the platform seamlessly aligns with local government protocols, effective evacuation routing, and community disaster literacy.","As the project lead, we provide the operational foundation through primary spatial data, local governance networks, active field sites, and dedicated staff time. We will facilitate stakeholder coordination, field validation, and the delivery of technical assistance and community literacy programs. Meanwhile, the ideal ETH domain researcher brings advanced subject matter expertise in multi-hazard modeling, predictive risk evaluation, and spatial forecasting methods. They will supply the computational framework needed to process complex geographic and land-use layers into real-time visualisations.Together, this collaboration bridges local operational access with world-class scientific modeling to deliver an actionable spatial intelligence platform for disaster resilience.",2026-09-07
"PP-50","Practice partners","Ternate City","Government/municipality",,"https://ternatekota.go.id/",FALSE,"Indonesia","Spatial Planning/Urban Design","Smart Spatial Early Warning System for Disaster Resilience in Ternate","As an island city, Ternate is highly vulnerable to natural hazards, particularly tidal flooding, landslides, and earthquakes. Despite these recurring threats, its Early Warning System (EWS) remains underdeveloped. To advance disaster mitigation and support Ternate's vision as a resilient Smart Island, we propose developing an integrated spatial intelligence application that integrates multi-layered geographic data, including land-use patterns, land morphology, topographic conditions, and designated hazard zones, based on Ternate’s updated Regional Spatial Plan (RTRW). The platform will run predictive risk evaluations to generate real-time spatial visualisations, enabling municipal authorities to dynamically identify safe assembly areas and determine the most effective evacuation routes during emergencies. To ensure seamless adoption, the project incorporates targeted technical assistance and training for local government agencies, improving emergency communication protocols and public disaster risk literacy. Together, these interventions will optimise municipal response, strengthen early action, and safeguard lives and infrastructure across Ternate.","Early Warning System, Spatial Intelligence, Disaster Resilience","No","Co-developing this project with an ETH domain researcher, particularly from the Swiss Federal Institute for Forest, Snow and Landscape Research WSL, is essential to bridge critical expertise gaps in multi-hazard modeling and spatial planning. While routine operations manage basic responses, WSL offers advanced scientific capabilities to simulate complex natural hazards, model risk dynamics, and develop reliable predictive forecasting. Their expertise would be vital for converting multi-layered geographic data into a robust spatial intelligence application, while their recognition and experience in socio-institutional analysis ensures the platform seamlessly aligns with local government protocols, effective evacuation routing, and community disaster literacy.","As the project lead, we provide the operational foundation through primary spatial data, local governance networks, active field sites, and dedicated staff time. We will facilitate stakeholder coordination, field validation, and the delivery of technical assistance and community literacy programs. Meanwhile, the ideal ETH domain researcher brings advanced subject matter expertise in multi-hazard modeling, predictive risk evaluation, and spatial forecasting methods. They will supply the computational framework needed to process complex geographic and land-use layers into real-time visualisations.Together, this collaboration bridges local operational access with world-class scientific modeling to deliver an actionable spatial intelligence platform for disaster resilience.",2026-09-07
"PP-51","Practice partners","Sukabumi City","Government/municipality",,"https://sukabumikota.go.id/",FALSE,"Indonesia","Water","Clean Water for Sukabumi: Modular Rainwater Harvesting and River Water Filtration","The availability of clean water in Indonesia's Sukabumi Regency is increasingly becoming critical as upstream stone quarry waste renders the Cibojong River excessively turbid and unusable. This scarcity worsens during dry seasons, leaving local households without essential water for daily needs. To address this challenge, we propose conducting a pilot across selected riverside households to test portable roof-connected rainwater collection units integrated with modular Slow Sand Filtration (SSF) kits. Utilising locally accessible media including gravel, sand, activated carbon, and zeolite, these standalone filtration systems will treat harvested water and river water to improve local supply quality without requiring permanent construction. To ensure long-term operational sustainability, the pilot incorporates community capacity building and technical knowledge transfer. Community members will receive practical training on system assembly, filter media replacement, and routine operation and maintenance, empowering households to independently maintain the units.","Water Scarcity, Rainwater Harvesting, Community Capacity Building","No","An ETH Domain researcher, for example from Eawag, would be able to provide specific expertise in decentralised water treatment, low-cost filter design, and community-based maintenance models. Their scientific validation ensures the pilot delivers safe water year-round while equipping Sukabumi households with an easily maintainable, long-term solution.","As local implementers, we provide direct field access in Sukabumi, established community networks, dedicated staff time, and ground-level project management. We handle local stakeholder engagement, site coordination, and the execution of household pilot installations and training programs. To complement our field presence, our ideal ETH researcher brings specialised subject matter expertise in decentralized water treatment, filter performance modeling, and rigorous water quality evaluation. While the ETH researcher ensures technical reliability and filter optimisation for dual-source water, our team drives community adoption and long-term operational sustainability on the ground, delivering a scientifically proven, locally owned water solution.",2026-09-07
"PP-52","Practice partners","Tazar Kyrgyzstan","NGO",,"https://www.tazar.org",FALSE,"Kyrgyzstan","Solid waste management","Quantifying Consumption-Based Emissions Reduction Through Circular Resource Matching in Bishkek","Bishkek faces growing waste volumes and limited formal recycling infrastructure. Over five years, Tazar has built grassroots circularity in the city through a mobile platform matching waste producers with recyclers, and through the Trash Festival, an annual environmental education event mobilizing residents around sustainable consumption. This activity generates rich transactional data material types, volumes, and matching outcomes, but has never been translated into a credible emissions metric. This pilot applies Life Cycle Assessment and Material Flow Analysis methods, in partnership with ETH Zurich's Chair of Ecological Systems Design, to quantify the consumption-based and indirect emissions avoided when material is diverted from landfill back into circulation rather than replaced by virgin extraction. The project will produce a first defensible emissions-avoidance estimate for Tazar's Bishkek operations, identify data gaps to strengthen future measurement, and build a replicable methodology for community-level circular economy initiatives across Kyrgyzstan and comparable urban contexts.","urban resource circularity, consumption based emissions, life cycle assessmment, circular economy","No","Tazar has five years of operational data from its waste-matching platform and Trash Festival programming, but no methodological tool to translate that activity into a credible emissions metric. This is precisely the knowledge gap: quantifying consumption-based and indirect emissions avoided through circular resource matching requires Life Cycle Assessment and Material Flow Analysis expertise that day-to-day operations or a general consultant cannot provide. We need a researcher skilled in LCA/MFA methods, supply-chain emissions modelling, and data-driven environmental impact quantification, specifically ESD's demonstrated expertise in applying these methods to consumption patterns and material flows.","Tazar brings five years of real-world operational data from an active circular-economy platform in Bishkek material types, volumes, and matching outcomes an asset few academic partners could otherwise access. We offer established community trust and mobilization capacity through the annual Trash Festival, giving the project a ready channel for translating research findings into public communication and behavior change. Our team contributes staff time for data preparation, cleaning, and contextual interpretation of Bishkek's waste and recycling landscape, along with in-kind support through our existing networks of waste producers, recyclers, and community partners (including women's cooperatives). As the non-academic practice partner, we ensure the research remains grounded in operational reality and generates outputs immediately usable for advocacy, future funding applications, and scale-up  rather than a purely academic exercise.",2026-09-07
"PP-53","Practice partners","IzzyBike – Independent Inventor Project","Other",,"https://www.homofaber.com/en/artisans/marek-jurek-zwemiq?utm_source=chatgpt.com",FALSE,"Poland","Mobility/Transport","Reinventing Urban Cycling: Experimental Evaluation of a Novel Chainless Front-Wheel-Drive Bicycle to Overcome Technical and Behavioural Barriers to Everyday Cycling","Everyday urban commuters often face practical barriers to cycling, including limited storage space, theft risk, discomfort, and the inconvenience of using a conventional bicycle alongside public transport or work routines. These barriers can discourage people from choosing cycling for daily trips, limiting its contribution to sustainable urban mobility. The project is initiated by Marek Jurek, an independent inventor and engineer who created and patented IzzyBike, a chainless front-wheel-drive bicycle with rapid folding and an unconventional riding position. A research team at Poznan University of Technology is preparing comparative energy-demand testing and a dedicated test stand. The proposed collaboration would expand this work through laboratory and real-world testing of several prototype configurations, assessing energy efficiency, rider effort, ergonomics, stability, comfort, convenience and user acceptance. Success would mean robust evidence on whether this architecture can deliver measurable benefits and reduce barriers to everyday urban cycling.","Urban mobility, Active mobility, Bicycle engineering, Human factors and ergonomics, User acceptance","No","An ETH-domain researcher is crucial because the key gap is not product development, but rigorous scientific evidence on how IzzyBike performs and is experienced compared with conventional bicycles. Research can reveal relationships between bicycle configuration, rider effort, ergonomics, stability and user acceptance that prototyping or consultancy cannot establish reliably. We seek expertise in experimental design, human factors, mobility behaviour and quantitative analysis, complemented where relevant by biomechanics or bicycle dynamics. The researcher would co-design test protocols, define meaningful outcome measures, interpret results objectively and help translate the findings into evidence-based design improvements and credible conclusions for urban mobility.","We bring a mature technological concept, a functioning prototype and more than a decade of iterative engineering development. Marek Jurek, the inventor and engineer behind IzzyBike, will contribute his technical expertise, design know-how and detailed understanding of the bicycle’s unconventional drivetrain, geometry, folding mechanism and manufacturing challenges. We can provide access to the prototype, technical documentation, background IP and the possibility to modify or build experimental configurations in response to research findings. We also bring an established relationship with a research team at Poznan University of Technology, which is preparing comparative energy-demand testing and a dedicated test stand. Our contribution would therefore combine technology access, inventor expertise, engineering support and substantial in-kind involvement, enabling the ETH partner to test hypotheses on a real, technically mature mobility innovation rather than on a purely conceptual design.",2026-09-08
"PP-54","Practice partners","Institution ""Agency of Regional Development in Ternopil Region""","NGO",,"https://ternopil.agency/en/",TRUE,"Ukraine","Economic Recovery and Development","Support for small and medium-sized enterprises that have relocated or been affected by the war","The war has forced thousands of small and medium‑sized enterprises (SMEs) to relocate or operate under severe disruption. Many have lost access to local markets, supply chains, and infrastructure, while owners - often displaced families, women, and veterans’ households - struggle to preserve livelihoods. At stake is not only the survival of individual businesses but also the stability of regional economies and the jobs that sustain communities.

Our initiative seeks to provide targeted institutional support, financial tools, and capacity‑building programs that enable SMEs to adapt and recover. By strengthening relocated enterprises and helping war‑affected businesses rebuild, we aim to safeguard employment, foster innovation, and promote resilience. The ultimate goal is to transform vulnerability into opportunity - ensuring that SMEs remain engines of local development and contribute to long‑term economic cohesion despite the challenges of war.","SMEs,  Business relocation, Economic recovery, Regional development","No","A researcher from the ETH Domain is crucial because our work faces a knowledge gap in measuring the long‑term resilience of SMEs displaced or disrupted by war. Day‑to‑day operations and consultancy provide immediate solutions, but they cannot generate rigorous evidence on systemic impacts, adaptation models, or policy relevance. ETH expertise in applied economics, innovation systems, and quantitative methods will reveal patterns of recovery and relocation that practice partners alone cannot capture. We require advanced skills in data analysis, impact evaluation, and comparative research to co‑develop evidence‑based strategies for sustainable SME support in Ternopil region.","As the Agency of Regional Development in Ternopil Region, our value in this collaboration lies in providing direct access to local knowledge and networks. We hold up‑to‑date information on the economic situation in the region and maintain established contacts with all consolidated territorial communities. This allows us to connect research findings with the realities faced by SMEs that have relocated or been affected by the war. The ideal ETH researcher would bring expertise in applied economics, resilience modelling, and evaluation methods. Together, we can combine rigorous academic analysis with practical regional data and stakeholder engagement, ensuring that the project delivers evidence‑based solutions tailored to local needs.",2026-09-09
"PP-55","Practice partners","Institute of National Planning","University/Research Institution",,"https://inp.edu.eg/en/",FALSE,"Egypt","Energy","Enabling Local Energy Communities in Egypt through Regulatory Reform","Despite its exceptional solar irradiance, Egypt’s distributed renewable energy market remains largely underutilised. The existing 1:1 net metering model supports initial growth, but threatens long-term grid stability and risks utility cost-recovery challenges as capacity expands. Transitioning toward a Net Billing mechanism backed by energy cooperatives offers a sustainable pathway to align decentralised generation with grid demand. However, Egyptian regulations lack a legal framework to recognise energy communities, preventing peer-to-peer power trading and collective billing aggregation. Drawing from Switzerland’s established Net Billing model and Local Electricity Communities (LEGs), this project aims to bridge Egypt’s regulatory gap. Working with local energy organisations, we propose to benchmark Swiss policy transferability, engage stakeholders, and draft a policy brief for the Egyptian Electricity Regulatory Authority (EgyptERA) to establish a legal foundation for energy cooperatives in Egypt.","Net Billing, Energy Cooperatives, EgyptERA Policy Reform, Energy Trading","No","An ETH domain researcher could provide critical technical and regulatory expertise on Switzerland’s Net Billing model and Local Electricity Communities (LEGs). Their background enables rigorous benchmarking of market mechanisms and grid integration standards. Additionally, ETH researchers could bring proven methodologies for policy transferability, energy economics, and stakeholder engagement. Working alongside Egyptian partners, the ETH researcher will be able to bridge theoretical Swiss policy with practical local implementation, ensuring the proposed policy brief for EgyptERA is rooted in empirical best practice and tailored to Egypt's specific grid context.","We envision a collaborative partnership where the ETH researcher provides leading subject-matter expertise in Swiss Net Billing mechanisms and Local Electricity Communities (LEGs), alongside methodological guidance in policy benchmarking, regulatory transferability, and energy economics modeling. In turn, our local organisation offers deep contextual knowledge of Egypt’s power sector, dedicated staff time, access to national solar market data, and established networks with key stakeholders. We will also host co-design policy workshops and coordinate local stakeholder engagement. By combining ETH's technical rigor in decentralised energy frameworks with our local institutional access and field capabilities, we believe we can deliver a robust, contextualised policy brief to establish a legal foundation for Egyptian energy cooperatives.",2026-09-09
"PP-56","Practice partners","National Network of Local Philanthropy Development","NGO",,"https://www.philanthropy.com.ua/en/",TRUE,"Ukraine","Economic Recovery and Development","Models of Financial Independence for Ukrainian Community Foundations","Our organization is a network of community foundations (CFs) across Ukraine, uniting 22 CFs. In the context of prolonged war, when most local resources are directed toward supporting the army, CFs largely depend on grant funding from international donors. This creates a structural dependency on donor priorities and shifting international agendas, making long-term planning difficult.

We are seeking to develop a sustainable, independent financing model for community foundations — one that reduces reliance on external grants and builds resilient local income streams. Promising directions include social enterprise models and decentralized renewable energy infrastructure, such as solar power stations built through community or cooperative ownership (e.g., on garage cooperatives or apartment building rooftops), with energy sold to local residents or businesses.

We are looking for a researcher from the ETH domain interested in studying financial sustainability models for CFs in Ukraine.","Сommunity foundations, financial sustainability, social enterprise, decentralized energy, Ukraine recovery","No","Our knowledge gap is methodological: we lack rigorous evidence on which financing structures allow community foundations to remain mission-driven nonprofits while building sustainable working capital, rather than converting into commercial enterprises. Day-to-day operations and consultants can propose ad hoc solutions, but cannot systematically test community willingness to co-invest, compare financing models (grants, blended finance, impact investment) across contexts, or design governance safeguards preserving nonprofit status. Community foundations are already driving Ukraine's wartime recovery — their resilience now depends on capital, not goodwill alone. We require an ETH researcher skilled in development finance, governance design, and empirical field methods to identify and validate models transferable to the Ukrainian context.","Our ideal researcher would bring expertise in development finance, governance design, and empirical field methods — particularly experience evaluating financing models (blended finance, impact investment, cooperative structures) in fragile or conflict-affected contexts, along with skills in field survey design and financial modeling.  As a network of community foundations across Ukraine, we bring practical value that a researcher could not access independently. Beyond our team's time and expertise, we can organize direct engagement on the ground: facilitating fieldwork and household surveys within communities, connecting the researcher with residents willing to discuss investment readiness, and coordinating with local self-government and state authorities where relevant. Our established trust within communities — built through years of grassroots work — would allow the researcher to access reliable, contextually grounded data quickly, rather than starting from scratch. This positions the collaboration to move from research directly into a testable, locally validated model.",2026-09-11
"PP-57","Practice partners","The Municipality of Mbombela","Government/municipality",,"https://www.mbombela.gov.za/",FALSE,"South Africa","Spatial Planning/Urban Design","Greenfield Housing and Infrastructure Master Plan for Mbombela","In the Municipality of Mbombela, a severe housing backlog forces thousands into informal settlements, while the legal requirement to equip land with basic utilities consumes roughly 60% of the municipal budget, stalling housing delivery. To solve this financial and spatial bottleneck, this project proposes a localized master plan and flexible zoning framework for greenfield land—which offers a significantly more cost-effective canvas to develop from scratch while delivering greater long-term spatial benefits to local households. By utilizing compact, mixed-use zoning on greenfield sites, the design seamlessly integrates residential units with commercial hubs, schools, healthcare, and public transit, shortening utility networks to drastically lower upfront municipal infrastructure costs. Furthermore, the plan establishes a Public-Private Partnership framework that pairs fast-tracked municipal land release and policy certainty with private sector capital, design innovation, and construction expertise. Ultimately, this initiative yields a financially sustainable urban model that accelerates formal housing delivery, slashes resident commuting costs, and attracts private investment to Mbombela.","Greenfield Land Development, Urban Master Planning, Inclusive Flexible Zoning","No","An ETH researcher would be vital for this project because their expertise in complex spatial-economic systems and infrastructure cost optimization can provide the rigorous empirical modeling standard planning lacks. While typical operational approaches deliver immediate designs, an ETH researcher brings specialized skills in spatial data analysis, land-use optimization, and fiscal impact modeling to test and identify optimal density thresholds for minimizing utility network costs. Rigorous scientific research can reveal long-term financial trade-offs that standard operations might miss, ensuring that our proposed flexible zoning and Public-Private Partnership frameworks can be scientifically validated, financially resilient, and scalable.","As local project leads, our value lies in bridging scientific innovation with ground-level execution. We offer direct access to Mbombela’s municipal networks, spatial datasets, key public-private stakeholders, and dedicated staff time to facilitate field activities and ground research models in real-world policy, regulatory, and community realities. Meanwhile, our ideal ETH researcher brings specialized expertise in sustainable urban spatial economics, quantitative urban modeling, and infrastructure cost-efficiency evaluation. They will lead technical simulations to stress-test our proposed compact zoning and utility network configurations against diverse urban growth scenarios. With ETH’s analytical rigor and our local data access and institutional reach, we believe this collaboration can transform spatial research into a scalable, financially sustainable framework for greenfield housing delivery.",2026-09-11
"PP-58","Practice partners","Local South","Private company",,"https://thelocalsouth.com",FALSE,"South Africa","Climate & Environmental Protection","From Surplus to System Change: Scaling Circular Food Innovation","Cape Town face the challenge of large volumes of edible food and nutritious by-products going to landfill, while many residents experience food insecurity and poor nutrition. Our 50% Surplus concept explores how ingredients that are normally discarded or overlooked can be transformed into nutritious, desirable and affordable foods.
We seek an ETH partner to help develop this into an urban research project that investigates how circular food innovation can strengthen Cape Town’s food system, support new local value chains, and connect producers, researchers, businesses, communities and government. The project would combine practical experimentation with selected surplus streams, consumer and community testing, and research into the institutional, market and policy conditions needed for uptake.
Success would mean viable products and pathways to market, stronger collaboration across the urban food system, and a replicable model showing how cities can turn underused food resources into nutrition, economic opportunity and wider urban resilience.","circular economy, energy, food loss & waste","No","We have begun testing how underused food streams can be turned into viable products, but lack the research capacity to understand how these innovations interact with the wider urban food system. An ETH researcher would help us move beyond individual product experimentation to analyse flows, actors, incentives and barriers across Cape Town’s food system, and rigorously assess where circular food innovation could have the greatest impact. We are particularly interested in expertise in urban food systems, circular economy, systems analysis and evaluation, helping us generate evidence that can inform both practical implementation and pathways for replication in other cities.","Local South would bring the 50% Surplus concept, existing product experimentation, local food-system knowledge and the relationships needed to test ideas in practice. We can provide access to food producers and surplus streams, community and market-testing sites, and networks across local government, academia, civil society and the food sector. We would lead local coordination, stakeholder engagement, practical experimentation and the translation of research findings into implementable actions. We would ideally work with a researcher bringing expertise in urban food systems, circular economy and systems research, complemented by methods such as material-flow analysis, stakeholder and value-chain mapping, and evaluation of social, economic and environmental outcomes. Together, the collaboration would combine rigorous research with real-world experimentation, generating evidence that is both academically robust and directly useful to Cape Town and potentially other Global South cities.",2026-09-14
"PP-59","Practice partners","Kyiv Regional Development Agency","Government/municipality",,"https://arrko.com.ua/",TRUE,"Ukraine","Energy","Scalable decision-support model for prioritising municipal energy investments in war-affected regions: the Kyiv Region pilot","Municipalities in the Kyiv Region — including Bucha, Borodianka and Makariv — hold dozens of urgent energy investment needs (solar for hospitals and water utilities, cogeneration, deep renovation), but lack a systematic way to decide which projects to prepare first under conditions of blackouts, damaged infrastructure, limited budgets and security risk. Decisions today are made ad hoc, and donors receive fragmented, non-comparable proposals. The project will co-develop with an ETH Domain group a decision-support model that scores and sequences municipal energy investments by resilience impact, energy savings, feasibility and community vulnerability, and test it on our real portfolio of 20+ projects across 69 municipalities. Success means: a validated, transferable model adopted by the regional agency and integrated into the Kyiv Regional Development Strategy 2028–2034; at least 10 municipalities using it; and a replication guide for other Ukrainian regions. RDAKR provides data, municipal access and institutional uptake.","municipal energy investment, decision-support model, energy resilience, war-affected communities, regional governance","No","Our gap is methodological, we know our projects, but we have no validated way to weigh resilience, energy, cost and vulnerability criteria against each other under uncertainty — existing municipal energy planning tools assume stable grids and predictable budgets, which wartime Ukraine does not have. A consultant would rank our current list; a researcher can build a transferable model, test its assumptions on real data, quantify trade-offs and make it defensible to donors and financiers. We need expertise in energy systems modelling, multi-criteria decision analysis and resilience assessment, applied in a systematic, peer-reviewable way.","Ideal researcher: an ETH Domain group in energy systems, urban infrastructure resilience or decision science, with experience in multi-criteria assessment, scenario modelling and applied work with local governments.  What RDAKR offers: a real, documented portfolio of 20+ municipal energy investment projects with technical and cost data, including objects with completed feasibility studies; SECAP data for 10 municipalities; direct, standing access to all 69 municipalities of the region through our engagement platform and to regional decision-makers (the Agency is founded by the Kyiv Oblast Council and Administration); field sites in war-affected communities (Bucha, Borodianka) for validation; a project coordinator (Head of International Projects) and a community engagement officer as staff time; institutional uptake — integration of the model into the Kyiv Regional Development Strategy 2028–2034 and into our regional Project Development Unit for sustainable-energy investments; and dissemination to the network of Ukrainian regional development agencies.",2026-09-15
"PP-60","Practice partners","MindGuard AG","Private company",,"https://mymindguard.ai/",TRUE,"Ukraine","Humanitarian Aid","Verified Resilience: A Digital Platform for Ukraine's Recovery","MindGuard is a free mobile stress-resilience platform open to all Ukrainians, including Defenders and civilians affected by the war. It's structured around three pillars: Body, Mind, and Soul. Users complete verified physical activities, including exercises done with a buddy and in-person meetups, gamified habit-building challenges, and Soul practices like breathing exercises and art therapy, all reinforcing social bonding and reducing isolation. Completed actions earn coin rewards. In the free version, coins unlock in-app features; for B2B partners, employers finance an extended coin layer that gives their employees monetary rewards on top, turning resilience support into an employee benefit. This project would research how to design and evidence this employer-financed model so it scales sustainably, and measure its impact on users' resilience and reintegration into daily life and work.","stress resilience, social reintegration, employer-financed wellbeing, verified physical activity, Ukraine recovery","No","MindGuard has engagement and coin-reward data, but no rigorous evidence of its actual physiological or behavioural impact. We lack the internal expertise to design a valid study measuring outcomes like cortisol levels, sleep quality, and resilience over time, or to isolate the platform's effect from other factors in someone's life. An ETH-domain researcher would bring study design, biostatistics, and outcome-measurement expertise our team doesn't have, turning anecdotal engagement data into credible evidence we can use to convince employers and funders the model genuinely works.","MindGuard offers a live deployment already active across Ukraine, a real field site rather than a simulated one. We can provide platform data on user engagement, activity completion, and behavioural patterns to ground the research empirically. We also bring a growing network of Ukrainian employer partners who could serve as delivery channels and potential recruitment sites for a study. On the ground, our Ukraine-based team can handle logistics, translation, and coordination between Defenders, civilians, employers, and the research process, and commit staff time to support data collection and implementation of whatever protocol the researcher designs. What we're looking for in return is subject-matter expertise in resilience and behavioural outcome measurement, along with study design and evaluation methods we don't currently have in-house.",2026-09-15
"PP-61","Practice partners","Think Playgrounds Social Enterprise (TPG)","Other",,"https://sanchoi.org/",FALSE,"Vietnam","Climate & Environmental Protection","Piloting Urban Biodiversity Enrichment through Nature-based Solutions for Policy Advocacy in Hanoi","Hanoi faces severe urban heat islands and climate impacts, yet Nature-based Solutions (NbS) and urban biodiversity are missing from spatial planning policies, which still favor grey infrastructure. 
Our objective is to pilot a ""biodiversity enrichment"" model in an existing urban park to establish a baseline and test NbS interventions for policy advocacy.
Our proposed approach: Co-designing an experimental enrichment plot with local authorities and the community, with ecological surveys and socio-behavioral assessments of community space usage. We will conduct participatory workshops to source, propagate, and nurse native plants locally, with citizen science and sensors to monitor microclimate, flora, and fauna changes.
Success will be defined by a visually compelling, scientifically backed pilot model, an active community co-management mechanism, a simple monitoring protocol, a comprehensive final report (documenting implementation, evaluation, and recommendations), and a policy brief demonstrating the feasibility of urban biodiversity.","Urban Biodiversity; Nature-based Solutions; Citizen Science; Policy Advocacy; Environmental Monitoring.","No","While TPG excels in community engagement and on-the-ground implementation, we lack the scientific rigor required to measure complex ecological indicators. An ETH Domain researcher is crucial to establish robust pre-intervention baselines, deploy reliable environmental monitoring, and validate citizen-generated data. We need their academic expertise to translate raw field data into compelling, evidence-based policy briefs that can convince local authorities to formally integrate NbS into urban planning frameworks.","Expertise needed: An ETH Domain researcher specializing in Urban Ecology, Nature-based Solutions, or Environmental Policy. What TPG offers: TPG brings over 10 years of experience upgrading 200+ public spaces across Vietnam, including 4+ years transforming a polluted riverfront into a biodiversity conservation and nature-education area. We have established 3 urban forest parks (Hanoi & Hoi An) and published key resources on inclusive design and community-based management. For this project, we offer an existing urban park as the experimental site. Leveraging our robust community mobilization capacity, we will lead local coordination, execute physical NbS interventions, and facilitate citizen science training. Partnering with HealthBridge Vietnam and the Hanoi Association of Architects, we ensure our practical implementations directly influence municipal urban governance and policy advocacy.",2026-09-16
"PP-62","Practice partners","Institut Teknologi Bandung","University/Research Institution",,"https://itb.ac.id/staf/profil/fikri-zul-fahmi",FALSE,"Indonesia","Spatial Planning/Urban Design","The role of digital technology in shaping aspirations for spatial planning at the rural-urban interface","Urban-rural transformation has reshaped rural areas as well as rural livelihoods. However, the voice of rural communities often remains marginal; they have limited opportunities to articulate their aspirations. Moreover, policies related to urban-rural transformation are frequently formulated through an urban-oriented perspective. This creates potential spatial inequalities and produces transformation that does not reflect local needs. What is at stake is not only whether rural communities benefit from the transformation but also whether they have the capacity to influence the decision-making process of the transformation policies. Digital technologies offer an opportunity to bridge the gap by connecting rural communities to the decision-making process across geographical and institutional boundaries. This project aims to explore how digital technology can mediate rural community participation in urban-rural transformation policy, co-design new forms of collaboration between stakeholders, and pilot applied research on how digital technology can bridge rural communities and the decision-making process in spatial planning at the rural-urban interface.","Urban-rural transformation, digital technology, participatory planning, e-governance","No","A researcher from the ETH domain is important for the project to evaluate digital participation and e-government approaches that enable meaningful public participation in the decision-making process. This project needs research expertise to understand digital platforms for an effective participatory process connecting rural communities and the decision-making process in urban-rural transformation. This goes beyond the technical development; it requires not only rigorous research but also testing and evaluating how the platform can create meaningful and inclusive participation of rural communities to influence urban-rural transformation.","The ideal researcher from the ETH domain would contribute expertise in digital participation and e-government, the design and evaluation of digital participation hat enable rural communities to engage in meaningful participation. It would complement my research background in rural digitalization, urban-rural transformation, as well as my understanding of Indonesia’s urban and rural contexts. I can contribute by accessing the field site and communities, collecting data, building networks with relevant local stakeholders, and providing time for fieldwork, community engagement, and pilot implementation. These complementary capacities will enable this project to co-design and test a context-specific approach in which digital technology can bridge rural communities’ aspiration with urban-rural transformation decision-making process.",2026-09-17
"PP-63","Practice partners","Public Union ""Taste Route of Prykarpattia""","NGO",,"https://doroga-smaku.com/",TRUE,"Ukraine","Economic Recovery and Development","The ""Dykorosy"" (Wild Harvest)","Problem: 56% of Ivano-Frankivsk region’s population lives in rural areas, with 30% located in mountain settlements lacking job opportunities. The war has exacerbated economic vulnerability: 18% of women have no personal income, and 43% face severe income drops. At stake is family resilience and the economic survival of mountain communities.

Goal: Empower women economically across 240 mountain settlements while fostering sustainable regional development.

Approach: Establishing a Women’s Agricultural Extension Center that integrates female leadership, mentoring, and practical training in sustainable harvesting, processing, and commercialization of wild plants and herbs, leveraging the region's 46% forest coverage.

Key to Success: Transforming traditional foraging into viable micro-enterprises through knowledge transfer, cooperation, and market access. This drives self-employment, strengthens social cohesion, and unlocks the untapped economic potential of the Carpathian region.","Rural development, wild produce, women's leadership, agricultural extension, economic resilience.","No","Local operations can manage harvesting, but we lack rigorous scientific data on sustainable yield limits, active compound stability, and ecological impact under changing climate conditions. A consultant offers quick fixes; an ETH domain researcher brings standardized biochemical analysis, ecological modeling, and sustainable processing frameworks.  We specifically require expertise in natural product chemistry and sustainable resource management to quantify chemical profiles of wild plants, establish safe harvesting thresholds, and validate processing protocols. This scientific rigor bridges the gap between traditional foraging and high-value, market-compliant products, ensuring long-term ecological sustainability and economic viability for mountain communities.","What we offer:Field sites & primary data: Direct access to 240 mountain communities, forest gathering zones, and rural women's networks.  Operational capacity: Dedicated staff time, local infrastructure and organizing power.  In-kind support: Facilitation of sample collection, stakeholder mobilization, and hosting field visits.  What our ideal researcher brings:Subject matter expertise: Specialized knowledge in natural product chemistry, plant biochemistry, and sustainable agro-ecology.Methodologies: Standardized lab testing, chemical profiling of wild superfoods, and environmental yield modeling.Together, we translate high-level ETH research into practical, sustainable micro-enterprises, ensuring that scientific insights directly drive economic empowerment and resource conservation in the Carpathians.",2026-09-17
"PP-64","Practice partners","U-Nation","NGO",,"https://unation.global/projects",TRUE,"Ukraine","Public Services","URBAN INNOVATION INTEGRATION ACCELERATOR FOR UKRAINE. From Global Technologies to Scalable Urban Solutions","Ukrainian cities face severe infrastructure damage and energy instability; however, rebuilding individual facilities without systemic integration risks locking municipalities into fragmented and costly systems. Although international and Ukrainian companies offer promising technologies, a persistent gap remains between the availability of technologies and a city's capacity to integrate, finance, and scale them.

This project aims to bridge this integration gap by creating a science-based mechanism and the Urban Innovation Integration Readiness Index (UIIRI) to accelerate sustainable urban recovery.

Our approach combines a research accelerator (selecting 24–30 technologies), cross-system testing within U-Nation’s Smart City Living Lab, and the co-creation of Urban Integration Roadmaps with Urban Bureau in partner municipalities.

Success means a validated UIIRI assessment tool, 8–12 evaluated deep-integration case studies, applied municipal roadmaps, and a Replication Toolkit to ensure broader and scalable technology deployment across Ukraine.","Urban Innovation Integration, UIIRI Readiness Index, Smart City Living Lab, Sustainable Infrastructure Reconstruction, Municipal Validation.","No","Traditional operational accelerators or consultants focus on commercial maturity through Technology Readiness Level metrics or rapid pilots without analyzing systemic barriers. There is a methodological gap in the scientific assessment of cross-system compatibility (energy, water, construction, digitalization). We rely on the researcher from the ETH domain network to provide scientific leadership as Principal Investigator, drive the development of a fundamentally mathematical and empirically validated UIIRI Index, establish a methodology for evaluating 11 dimensions of technology readiness, and guarantee scientific independence, algorithmic rigor, and international-level publications.","ETH Researcher Expertise: Academic leadership, research methodology, development and validation of the UIIRI Index, comparative analysis of data from two cohorts, and scientific reporting.  U-Nation: Accelerator operational management, international technology scouting (24–30 solutions), provision of the Smart City Living Lab research infrastructure in Western Ukraine for cross-system testing, ecosystem engagement, and coordination.  Urban Bureau: Expertise in urban planning and systemic integration, assessment of infrastructure interfaces, and support for the development of Urban Integration Roadmaps.  Municipalities: 3–5 Ukrainian cities providing the demand, context, operational insights, and validation environment.  Resources: Co-funding (CHF 150,000), expert working time, and expertise in Ukrainian legislation and infrastructure.",2026-09-17
"PP-65","Practice partners","Institute of Architecture and Urban & Spatial Planning of Serbia","Other",,"https://iaus.ac.rs/en/",FALSE,"Serbia","Finance & Urban Governance","Soft planning and territorial strategy implementation in Serbia and Switzerland","In line with the multilevel governance framework for developing policy instruments based on participatory practice, Serbia has introduced soft and integrated planning approach in formation of territorial strategies contributing to sustainable urban development, alongside the statutory planning system. The project addresses the transition from the participatory formation of territorial strategies to their implementation. It examines how soft planning approaches and generated knowledge, partnerships, values and project ideas, can be further integrated into local urban planning and governance. Co-development and learning from strategy implementation cases from Serbia and Switzerland gives opportunity to explore how different institutional capacities, professional competencies and planning and governance arrangements enable a vision-oriented approach, strong relationships between strategic measures and priority areas of spatial intervention, timely preparation and stakeholder involvement. The expected results are a transferable framework for moving from strategy development towards coordination, implementation, and investment, as well as strengthened capacities of practitioners to facilitate such processes.","implementation, soft planning, sustainable urban development, urban governance, territorial strategy","Yes","Switzerland local planning and governance context offers a relevant field for learning, in which informal planning practices are embedded in institutionalised planning and governance system. ETH-domain researchers are examining how informal planning emerges within strategic spatial planning processes (ETH SPUR-led Metro-ROK), or how to better integrate community needs in planning (ETH-HTW-led User-driven Design for Future Cities). Although it is assumed that differences exist between countries in terms of the rigor of legislation, capacity to accommodate soft approaches and integrate them into the planning system, as well as the notion of soft planning as temporary or permanent, such collaboration would provide an opportunity to develop transferable approaches reflecting the value system, tradition, norms and practice supporting sustainable urban development, relevant and timely for practitioners in Serbia.","Building on experience with participatory formation of the national Sustainable Urban Development Strategy of Serbia until 2030 (2019) and the Study on the Unique Identity of Urban Area for implementation of the Territorial Strategy for the City of Užice and surrounding municipalities (2024-25), IAUS offers practice-based expertise in soft planning, participatory planning, strategy formation and implementation, and place-based and integrated urban and territorial development. IAUS can contribute in-situ knowledge based on real-life examples, facilitation, staff, networks, relevant cases, access to stakeholders, and qualitative and quantitative data. The collaboration would explore how soft planning mobilises place-based knowledge, resources and actors; influences institutional, procedural and governance conditions; and translates participatory priorities and project ideas into implementable actions, investment projects and planning decisions.",2026-09-21
"PP-66","Practice partners","IMPACT Initiatives","NGO",,"https://www.impact-initiatives.org/where-we-work/ukraine/",TRUE,"Ukraine","Public Services","Accessibility of Basic Urban Public Services: Identifying Gaps for More Resilient Service Delivery","Dnipropetrovska Oblast is the most urbanized region in Ukraine (over 80%), economically significant, serving as a major logistics hub, hosting a large population of IDPs. Ensuring equitable access to essential public services is therefore critical to urban resilience, social cohesion, and recovery. The project will assess accessibility of basic services in 3 cities through complementary lenses: spatial and social. GIS and administrative data will be used to identify gaps in access to healthcare, education, administrative, social services, utilities. Qualitative research will examine key barriers faced by different population groups in cities. Key outputs: comprehensive city accessibility profiles, actionable recommendations and a replicable methodology for other municipalities. Success will mean that participating cities integrate findings into local recovery and development plans. Knowledge transfer to and use of the results by the practice partner (Dnipro Regional State Administration) uses the methodology to scale evidence-based accessibility assessments and support improvements to regional policies.","basic services, urban resilience, accessibility, spatial analysis","No","We need expert support to frame a research approach to assessing basic public service accessibility in an urban context, focusing on spatial and social accessibility. We need to identify other relevant dimensions and appropriate methods, including spatial analysis and research with service users. Based on the expert’s recommendations, our team will develop survey and data-collection tools for the social accessibility component, which the expert will review. We also need the expert to help interpret findings and develop evidence-based recommendations. Key skills: mixed-methods research, accessibility analysis, urban services, spatial analysis, research design, and quantitative and qualitative data interpretation.","Our team combines multidisciplinary expertise in GIS, sociological research and area-based recovery planning with significant field research capacity and established relationships with local and regional authorities. These networks can facilitate case-study selection, access to relevant administrative and spatial data, engagement with service providers and residents, and participatory validation of findings. Drawing on IMPACT’s extensive applied research experience in Ukraine, RSPU staff will contribute directly to research design, data collection and GIS analysis across participating cities. Complementing the ETH researcher’s advanced expertise in urban accessibility, spatial modelling and research design, we will help ensure that the methodology is robust yet practical for Ukrainian local and regional authorities to apply and transferable to other urban contexts.",2026-09-23
"PP-67","Practice partners","Technical University of Cluj-Napoca","University/Research Institution",,"https://www.utcluj.ro",FALSE,"Romania","Energy","Cost allocation and governance of distributed solar in a Romanian city.","Romania added 360 000 rooftop solar prosumers in 6 years, over 4,000 MW. Under current settlement rules, prosumers are compensated in energy volumes and are fully shielded from the cost their unpredictable output imposes on the system. That cost does not disappear; it accumulates with the party carrying balance responsibility and is recovered through supply tariffs paid by everyone. Nobody has measured this transfer, and cities subsidizing rooftop solar are doing so blind. Working with Cluj-Napoca municipality and a company operating over 400 installations, this pilot will build a first dataset linking metered prosumer output to settlement outcomes, produce an initial estimate of the transfer, and convene local stakeholders to define what municipalities need to govern it. Success will be measured by a defensible first estimate of the transfer, an established research-practice partnership, and a problem definition agreed with local stakeholders that can anchor a subsequent full research grant.","distributed energy resources, cost allocation, prosumers","No","Quantifying how much of the system cost of distributed solar is shifted onto non-prosuming households requires a method that does not yet exist. Metered output must be linked to settlement outcomes under a conditional pricing regime, and the resulting transfer attributed across consumer groups, a question of causal attribution and distributional analysis rather than of data processing. The results are intended to inform municipal policy, which requires a method that is methodologically transparent and independently verifiable. We seek expertise in energy system modeling and in the distributional evaluation of energy policy.","We bring three assets that are difficult to assemble from outside the country. First, data: a partner company operating over 400 photovoltaic installations totaling 5–6 MW, most with bidirectional metering recorded at five-minute resolution since commissioning, representing roughly 5% of the prosumer capacity of Cluj County. Second, access: an established working relationship with the Cluj-Napoca municipality, including its energy manager, with whom we have collaborated on previous proposals, and familiarity with the Romanian regulatory framework and its published settlement data. Third, research capacity: a group at the Technical University of Cluj-Napoca working on forecasting and artificial intelligence applied to power systems, able to contribute staff time, doctoral supervision, and local fieldwork.  From the ETH partner we would value expertise in energy system modeling, in distributional and welfare analysis of energy policy, and in designing studies whose results are usable by public authorities.",2026-09-23
"PP-68","Practice partners","IMPACT Initiatives","NGO",,"https://www.impact-initiatives.org/where-we-work/ukraine/",TRUE,"Ukraine","Skills","Asessment of the Local Capacity for Urban Recovery and Long-Term Resilience","Cities across Ukraine face diverse but interconnected challenges, from resilience to strategic and recovery planning. There is limited systematic understanding of existing capacities, specific knowledge and skills gaps, and which capacities should be developed within municipalities or complemented by other actors. This research will address this gap by assessing capacities (including skills/competencies) in 5–9 cities in Dnipro region.
Key outputs: Local Recovery & Resilience Capacity Framework, city-level capacity profiles, recommendations for targeted training/capacity-building programmes that could potentially be supported by the state, donors and development partners.
Success will mean that participating cities integrate the findings into programmes aimed at strengthening the capacity and competencies of local actors, and that the practice partner (Dnipro Regional State Administration) uses the methodology to scale up programmes for strengthening the capacity and competencies of communities in region in accordance with the official state Index of Capacity and Digital Transformation of Communities.","Local recovery, capacities, skills, urban governance, digitalization","No","An ETH-domain researcher is crucial to rigorously assess and compare urban governance capacities, skills and institutional conditions across cities. Their expertise would help ensure comparability across cases and distinguish structural factors from context-specific challenges. This is essential to move beyond case diagnosis toward evidence-based findings that can inform scalable capacity-building programmes. The researcher would strengthen the Local Recovery & Resilience Capacity Framework and connect local evidence with broader research and international practice on urban resilience and recovery.","IMPACT brings detailed knowledge of the challenges and bottlenecks undermining effective urban recovery in Ukraine, supported by an extensive track record of engagement with local authorities, applied research, and capacity building initiatives. We will provide field capacity, stakeholder networks and staff capacity for research design, institutional mapping, mixed methods data collection and participatory validation processes. The ETH researcher would contribute expertise in urban governance, institutional capacity assessments, and advanced research methods, enabling the project to understand how individual skills, organisational structures, information management practices, and institutional relationships shape municipal urban recovery capacity. Together with Dnipro Regional State Administration, we will translate this evidence into a framework for prioritising capacity development that can support regional programming.",2026-09-23
"PP-69","Practice partners","KreativaLab","NGO",,"https://kreativalab.org/",FALSE,"Serbia","Finance & Urban Governance","Library Incubators: Aligned Public-Private Governance for Affordable Urban Co-Working in Serbia","Skyrocketing real estate costs in Belgrade and Novi Sad price out early-stage entrepreneurs, stifling local urban innovation. This pilot project explores transforming underutilized public libraries in Serbia into affordable co-working spaces and innovation hubs. Serbia has over 600 public libraries with branches, as by law each municipality must have a library. This resource remains poorly used in the times of innovations-driven economies, which this pilot tackles. Operating under the Finance & Urban Governance domain, we aim to research and design a sustainable public-private financing framework that aligns municipal infrastructure with private tech sponsorships. In collaboration with local Serbian municipal partners, we will conduct spatial feasibility assessments, demand-driven stakeholder workshops, and comparative analyses utilizing Swiss models like Zurich's PBZ network or Universität Zürich LiRI infrastructure. Success means delivering an actionable blueprint for a self-sustaining library incubator model and cementing a robust research consortium prepared for a full-scale Urban Research Grant application.","Public-Private Partnerships (PPP), Urban Development, Affordable Co-working, Library Transformation, Municipal Asset Optimization","No","An ETH domain researcher is crucial to bridge the knowledge gap between Swiss public value management and Serbia’s transitional municipal framework. While consultants offer generic templates, rigorous academic research reveals how to structurally align public-private incentives without eroding civic trust. We require an ETH researcher’s specific expertise in urban financial modeling, institutional policy design, and socio-spatial analysis. Their objective methodology will uncover systemic funding risks and space-utilization behavioral patterns. This high-level academic rigor is vital to co-develop a scalable, self-sustaining library incubator model that day-to-day municipal operations simply cannot formulate.","As the local practice partner based in culture and creative industries domain, KreativaLab provides the essential on-the-ground execution, institutional networks, and local context required to make this research viable. We offer direct access to public library field sites in Belgrade and Novi Sad and existing data on regional library infrastructure and spatial limitations. Additionally, we will dedicate staff time to facilitate community stakeholder focus groups and manage local project logistics. While we anchor the project locally, our ideal ETH researcher brings advanced subject matter expertise in urban real estate economics, spatial modeling, and public-private finance governance. They will provide the rigorous, objective methodology, such as financial feasibility modeling and comparative policy evaluation, needed to translate raw local data into a scalable framework. Together, our collaboration blends top-tier academic theory with local operational realities to create a truly demand-oriented, sustainable urban solution.",2026-09-24
"PP-70","Practice partners","City of Cape Town","Government/municipality",,"https://capetown.gov.za",FALSE,"South Africa","Climate & Environmental Protection","Climate risk, insurance impacts and infrastructure resilience","Climate change is expected to reshape infrastructure costs, risk exposure, and insurance markets. Research would assess how climate hazards affect municipal assets, households, public liability and insurability (for the municipality and residents), informing adaptation investments and resilience planning across the city.

Given increasing disaster / climate change impact – what is the current 1) cost of inaction, 2) cost of action (specifically adaptation), 3) funding mechanisms to fund risk mitigation investment (i.e. the resilience funding gap).","Climate Insurance Climate resilient planning Climate funding","No","Cape Town faces growing exposure to floods, fire, drought and coastal erosion, yet we cannot quantify what this costs the City and its residents, or what adaptation interventions would save (i.e. avoided costs). Our data on assets, insurance claims, public liability and service disruptions sits in separate systems and is rarely linked to hazard models. Consultants deliver one-off studies; we need a rigorous, transferable method that integrates probabilistic hazard modelling, asset vulnerability, insurance and liability economics, and fiscal analysis. An ETH researcher brings the modelling depth, independence and scientific credibility to estimate the costs of inaction and action, and to size the resilience funding gap.","Our ideal researcher would bring expertise in climate and natural hazard risk modelling, infrastructure vulnerability assessment and risk financing or insurance economics, including catastrophe modelling and cost-benefit analysis of adaptation. Experience in Global South cities and co-produced research would be valuable.  The City of Cape Town's Research and Resilience Branches (in the Future Planning and Resilience Directorate) would anchor the partnership and coordinate across line departments, including Disaster Risk Management, Finance (Risk and Insurance), Water and Sanitation and Climate Change. We can offer: - Data: municipal asset registers, insurance and claims records, disaster incident data, capital budget information, climate change risk modelling and spatial/GIS layers. - Staff time: our in-house researchers and departmental specialists. - Field sites and networks: hazard-exposed areas, including informal settlements, plus links to national government, insurers and city networks.  Findings could inform capital prioritisation, climate adaptation planning and the City's resilience financing framework and approach.",2026-09-25
"PP-71","Practice partners","Daba.Cities","Private company",,"https://www.dabacities.com",FALSE,"Morocco","Spatial Planning/Urban Design","Dar.AI Compact City Pilot: Validating AI-Assisted Parcel-Level Planning for Urban Densification in Casablanca","Casablanca continues to expand while many serviced inner-city parcels remain underused. Planning rules are dispersed across zoning documents and interpreted manually, making it difficult to compare development capacity consistently or identify where infill can absorb growth. Daba.Cities proposes a 12-month Urban Pilot Project to co-develop and validate a research-grade decision-support method that converts zoning rules into parcel-level buildable-capacity scenarios. Building on digitized zoning data for nine Moroccan cities and an existing Python engine, the pilot will test 30–50 parcels across contrasting Casablanca urban fabrics, compare automated outputs with expert interpretation, and assess usefulness for densification, housing-capacity and land-use-efficiency decisions. Success will be a validated benchmark dataset, documented error/accuracy profile, stakeholder-tested prototype, methodological paper/brief, and a clear research plan for scaling to a larger Urban Research Grant and additional Moroccan cities.","Spatial planning; urban densification; digital planning; artificial intelligence; compact city development","Yes","Prof. Adrienne Grêt-Regamey’s PLUS group is particularly relevant because it develops digitally supported, participatory urban-planning methods, land-use decision models and decision-support platforms. Daba.Cities already has an operational regulatory engine and Moroccan zoning dataset; the research gap is rigorous validation, uncertainty/error characterization, and translation into a scientifically defensible planning method. PLUS can strengthen research design, spatial modelling and stakeholder validation, while a policy-oriented collaborator such as SPUR could complement the work on densification and planning instruments. ETH involvement would turn a promising operational tool into a tested applied-research prototype with relevance beyond individual property feasibility.","Daba.Cities, a Moroccan-registered environmental and social enterprise, will serve as the local practice partner and direct user of the research outputs. We will contribute digitized zoning data for nine Moroccan cities, our existing Python development engine for computing buildable envelopes, and access to surveyed underutilized city-centre properties that can serve as real pilot cases. We will provide regulatory interpretation, parcel-level data, local data collection, staff time, prototype testing and in-kind technical support. We will also facilitate access to architects, planners, property owners and urban-development stakeholders, and support validation workshops with relevant Moroccan institutions and practitioners. Our role will be to ensure that the research remains grounded in real planning and redevelopment decisions and that the resulting methodology can be integrated into Daba.Cities’ operational workflow for compact, climate-resilient city-centre regeneration.",2026-09-26
"PP-72","Practice partners","Institute of Renewable Energy of the National Academy of Sciences of Ukraine","University/Research Institution",,"https://www.ive.org.ua/language/uk/",TRUE,"Ukraine","Energy","Geothermal Framework for Resilient Urban Heating in Ukraine","Problem
Attacks on surface energy networks cause severe winter heating shortages in Ukrainian cities. There is an urgent need for secure, decentralized heating alternatives to keep basic urban services running.

Objective
To establish a validated foundation for secure, decentralized urban energy management, we propose a portfolio of geothermal solutions, including Underground Thermal Energy Storage (UTES), retrofitting depleted wells, and modernizing substations. The exact combination will be tailored to the local community's needs and the ETH researcher's expertise.

Approach
Since the grant does not fund physical construction, we will co-develop a digital twin prototype. By combining our geological data with ETH’s simulations, we will model how these geothermal methods can operate safely.

Achievement
A digital tool that helps our local non-academic practice partners modernize district heating and transition to secure, renewable geothermal energy.","geothermal energy, underground thermal storage, well retrofitting, district heating, digital twin","Yes","While we possess local geological data and community connections, we lack the advanced computational modeling required to test and validate outcomes for resilient heating solutions. Because establishing a framework for Underground Thermal Energy Storage (UTES) and retrofitting depleted wells involves highly unique variables, a conventional consultancy assignment is insufficient. We specifically require an ETH Domain researcher’s scientific rigor to co-develop a validated methodology, rather than merely specifying designs for a single site. This research will empower our local practice partners to successfully deliver and roll out these vital public services at scale.","Working alongside our local non-academic practice partners (such as city councils, territorial communities, and utility companies), our institute will make sure the ETH's solutions are properly adapted to Ukrainian realities. We will provide existing geological data, help gather new field data, and manage on-site coordination to the extent possible for a research organization. Crucially, our team will process this data to adapt ETH's standard economic and operational models so they actually work in practice for Ukraine's specific needs.",2026-09-27
"PP-73","Practice partners","""Bila Tserkva Centre for Comprehensive Rehabilitation of Persons with Disabilities SHANS""","Government/municipality",,"https://uszn.org.ua/shans/",TRUE,"Ukraine","Public Services","Barrier-Free Recovery: Inclusive Public Services and Spaces for Veterans, People with Disabilities and Their Caregivers in Bila Tserkva","Bila Tserkva is home to an estimated 20,000–25,000 veterans, and 53% of residents find the city inconvenient for people with limited mobility. Recovery efforts address only physical access; psychological barriers – trauma triggers, anxiety in crowded spaces, stigma, complex bureaucracy – are ignored, so services rebuilt for veterans often remain unused. Women caring for veterans at home carry the daily burden, yet are absent from planning.
Objective: make public services and spaces usable for veterans, people with disabilities and their caregivers. Approach: together with the municipal rehabilitation centre SHANS, combine clinical psychology and urban design to map barriers with users, co-design a barrier-free audit tool integrating physical and psychological criteria, and pilot low-cost interventions at SHANS and one other municipal service site.
Success: the tool is applied to at least five sites, SHANS staff are trained, users report easier access, and the city integrates the criteria into its Barrier-Free Programme.","barrier-free public services, veterans' reintegration, trauma-informed urban design, accessibility, caregivers","No","Together with SHANS we have direct access to veterans, people with disabilities and caregivers, local trust and clinical psychology expertise. What holds us back is the missing link between psychology and urban design: we can see that people avoid services, but cannot systematically measure how the built environment and service design cause this, or prove which changes work. A consultant could audit ramps; rigorous research can turn psychological barriers into validated design criteria and evaluate interventions. We need an ETH researcher skilled in urban design or spatial planning, participatory co-design, spatial analysis and evaluation methods.","Together with SHANS we have direct access to veterans, people with disabilities and caregivers, local trust and clinical psychology expertise. What holds us back is the missing link between psychology and urban design: we can see that people avoid services, but cannot systematically measure how the built environment and service design cause this, or prove which changes work. A consultant could audit ramps; rigorous research can turn psychological barriers into validated design criteria and evaluate interventions. We need an ETH researcher skilled in urban design or spatial planning, participatory co-design, spatial analysis and evaluation methods.",2026-09-28
"PP-74","Practice partners","Municipal Institution of Bila Tserkva City Council ""Territorial Centre for Social Services named after Peter Novotny""","Government/municipality",,"https://tercenter.bc-rada.gov.ua/%d0%9f%d1%80%d0%be-%d0%bd%d0%b0%d1%81",TRUE,"Ukraine","Public Services","Age-Friendly Recovery: Safe Routes, Accessible Shelters and Meeting Places for Older People in Bila Tserkva","Older people are the least visible victims of the war: they account for half of civilian deaths in Ukraine, a third lack safe shelter, and 44% of those over 70 live alone. In Bila Tserkva, 53% of residents find the city inconvenient for people with limited mobility. Missing benches and lighting, stairs to shelters, blackouts and digital-only services keep older people at home, increasing loneliness and anxiety.
Objective: make one micro-district safer and easier to use for older people. Approach: together with the Territorial Centre for Social Services, audit everyday routes and shelters with older people, measure loneliness and perceived safety, co-design improvements and pilot a ""route of rest"", one accessible shelter and a meeting place that also works during blackouts.
Success: one route and shelter improved, weekly use of the meeting place, reduced loneliness among participants, and the city adopting an age-friendly checklist.","age-friendly city, older people, walkability, accessible shelters, loneliness","No","The Territorial Centre knows older people's needs and reaches those living alone through home care, and we bring clinical psychology expertise. What we lack is the link to urban design and mobility research: we cannot measure systematically how routes, shelters and public spaces keep older people at home, or prove which changes work. A consultant could list missing benches; rigorous research can link environmental barriers to loneliness and mobility and evaluate interventions. We need an ETH researcher skilled in walkability and mobility analysis, spatial cognition or urban design, participatory methods and evaluation.","Ideal researcher: expertise in walkability and mobility of older people, spatial cognition or urban design; methods for route and accessibility audits, spatial analysis, participatory design and before–after evaluation. We offer: direct access to older people through the Territorial Centre's day services and home care, including those who live alone and rarely go out; social workers' time for recruitment, home visits and co-design workshops; premises for the meeting place and workshops; service data on clients' needs (anonymised); links to the city's Department of Social Protection and the Barrier-Free Programme, which can fund physical improvements. Our academic partner, Prof. [removed] [removed] (MAUP), contributes clinical psychology expertise, validated instruments for loneliness and anxiety, fieldwork coordination, an ethics and safeguarding protocol, and nine years of professional experience in Bila Tserkva. After the pilot we will continue the meeting place and apply the checklist in other districts.",2026-09-29
"PP-75","Practice partners","Keberlanjutan utama Foundation","University/Research Institution",,"https://www.mkacademy.id",FALSE,"Indonesia","Climate & Environmental Protection","Bandung Urban Transformation: Integrating Digital Innovation and Stakeholder Engagement for Sustainable Governance","A project that aims to develop various strategies to encourage sustainable solutions to resolve various environmental problems in urban Bandung. 

These problems include water scarcity due to alternative land use that causes river and canal normalization, 

Unmanaged waste management results in water pollution, and no monitoring system or regulation on quality and spatial planning.

To implement this project, a digital transformation strategy is developed that begins with 

Establishing monitoring systems, including baseline studies and digital mapping; 
Developing monitoring systems; conducting pilot interventions; and, 

Finally, evaluating sustainability.

This project can involve various levels of participants, including governments, private institutions, and communities, and is expected to produce a sustainable environmental monitoring system.","digital mapping, monitoring systems, Conducting pilot interventions, evaluation, sustainability","No","The involvement of a researcher from the ETH domain is essential due to experts’ vast experience and competencies in digital transformation, sustainability, and international relations.   In this way, it is possible to secure the highest standards in research and development of the project, as well as benefit from the global knowledge and contacts of ETH experts.   This collaboration will ensure the scientific accuracy and innovation of the solution, as well as its sustainability and viability in terms of international standards.   By combining the site-specific insights and vision of a local researcher with the global perspective of an ETH expert, the project will address the most crucial environmental and urban development concerns of Bandung.","As part of the collaboration, our role will be to provide extensive local networks, field sites in Bandung, and staff time dedicated to the community and environmental monitoring.  As such, we would be able to provide in-kind support for the project, including providing baseline data, stakeholders’ contacts, and some expertise about the realities of the urban sustainability landscape.  Ideally, the ETH representative would have an expert-level understanding of digital transformation, environmental modelling, and evaluation areas to apply the scientific research aspects to the project’s practical needs.   With such a specialist on board, the collaboration would address the critical points of water scarcity, waste management, and river normalization to create cutting-edge solutions that would combine the digital and community aspects, follow global standards and be relevant to the local environment.",2026-10-01
"PP-76","Practice partners","SEILER & SEILER","Private company",,"https://seilerseiler.com",TRUE,"Ukraine","Spatial Planning/Urban Design","A Data-Driven Tool for Testing Urban Development Scenarios","Cities and planning teams need a clear way to see how much floor area could be created in planned areas and what are the consequences for infrastructure and finances. Today, these estimates are often made in spreadsheets, using different definitions and assumptions.

This project will develop and test a tool that brings together land parcel and cluster maps, zoning rules, and development scenarios in the face wartime uncertainty. Users will be able to change key settings — such as planning area boundaries or floor-area ratios — and see how these changes affect the possible floor area in each parcel or cluster. The results will support discussions across departements and negotiations with landowners. Crucially, the tool will also be usable for projecting the required investments for public infrastructure and services against the anticipated development fees, thereby ensuring that growth plans are infrastructurally viable and and foster spatial justice by aligning private developer contributions with the equitable distribution of public resources.","Urban planning, Land-use scenarios, Geospatial data, Automated Floor-area modelling","No","The project will combine practical experience from urban planning projects with the latest research insights from an ETH-domain researcher in urban planning and/or geospatial analysis.","We can contribute practical experience in urban planning and GIS development, along with a clear understanding of the decisions the tool needs to support and the challenges faced by departments and landowners. We can provide a pilot area and explain the applicable zoning rules. Together, we can translate research findings into a tool and approach that fit real planning processes and support informed discussions about development, infrastructure investment and the fair distribution of public resources.",2026-10-01
"PP-77","Practice partners","Initiatives for Civic Integrations – ICI Gostivar","NGO",,"https://feminiforce.org.mk/?fbclid=IwY2xjawUsjsRleHRuA2FlbQIxMABwZG9mBWJyaWQRMUFuaWRaeVJwOVZSRWtEeTZzcnRjBmFwcF9pZBAyMjIwMzkxNzg4MjAwODkyAAEe6swDcFBz2Ek1Osyc0FxksP0vYez0DXdNaEBVY7bKEQFRrLUNH0qtYiy4Jvw_aem_Ar_zlKbaM5V7gFjjjHMOzQ",FALSE,"North Macedonia","Water","Improving drinking water quality monitoring and public trust in Gostivar","The July 2026 drinking water crisis affected Gostivar, a city of approximately 33,000 residents. Tap water was banned for drinking, and around 4,000 residents reportedly sought medical care for gastrointestinal symptoms. Households had to obtain alternative water supplies, creating additional costs and difficulties, particularly for older people, people with disabilities and low-income families. Some residents continue to avoid tap water and lack clear information about its safety.

At stake are public health, equitable access to safe water and trust in public services.

We seek an ETH Domain researcher with expertise in drinking water microbiology and monitoring to design risk-based sampling, interpret laboratory results and help evaluate public communication. Together, we aim to develop and test a scientifically grounded monitoring-and-communication approach that supports risk identification, helps residents make informed decisions and provides recommendations for institutional improvements.","Drinking water quality; water quality monitoring; risk communication; public trust; urban water governance","Yes","ICI brings fieldwork and community engagement experience but needs scientific expertise in risk-based sampling, indicator selection and microbiological interpretation. An ETH Domain researcher will co-develop the methodology, guide implementation and ensure data quality. Beyond routine compliance testing or a consultancy assessment, the pilot will systematically evaluate which measurements reveal relevant risks and which communication formats improve residents’ understanding and informed trust. We require expertise in drinking water microbiology, pathogen risk assessment and monitoring design, complemented by risk communication research. This collaboration will generate reliable evidence and a tested approach for ICI’s civic monitoring work.","ICI will contribute local knowledge of Gostivar, community networks and experience in field research on rivers and water resources in the Polog region. We will coordinate local activities, engage residents, support sampling under agreed protocols, and organise consultations and dissemination. Staff time, logistics and costs will be defined in the joint budget. Access to utility data and sampling points will be discussed with relevant institutions.  The researcher will bring expertise in drinking water microbiology and risk assessment. Together, we will select sampling points and indicators, establish quality assurance protocols and train the local team. The researcher will lead data analysis, interpret findings and evaluate how public information influences residents’ understanding and trust.  ICI will apply the tested approach in its environmental monitoring and public information work, while jointly developing recommendations for relevant institutions.",2026-10-02
"PP-78","Practice partners","Institute for Retraining and Advanced Training of Personnel in the Field of Transport under the Ministry of Transport of the Republic of Uzbekistan","Government/municipality",,"https://www.avtoilm.uz/",FALSE,"Uzbekistan","Mobility/Transport","Strengthening Transport Workforce Skills for Safer and More Inclusive Urban Mobility","Urban transport in Uzbekistan's fast-growing cities depends on the people who run it: drivers, dispatchers, metro and rail staff, and vehicle diagnostics technicians. Yet retraining programmes are rarely based on evidence of what passengers experience, where safety and service problems occur, or which skills are missing. Women, older people and people with disabilities are often most affected. This pilot will test a diagnostic approach in one city, combining passenger surveys, review of service and incident records, and a skills assessment of transport personnel. Together with ETH Domain researchers, the Institute for Retraining and Advanced Training of Personnel in the Field of Transport, under the Ministry of Transport, will turn the findings into updated retraining courses, including distance-learning modules. Success means a validated method, a clear skills-gap analysis, updated training content, and a concept for a larger multi-city Urban Research Grant","urban mobility, transport workforce skills, road safety, gender inclusion, Uzbekistan","No","Our Institute trains transport personnel across road, rail, metro and water transport, but lacks rigorous methods to measure how workforce skills affect service quality and safety for different passengers. Daily operations and consultants typically produce descriptive reports, not validated, comparable evidence. An ETH Domain researcher would contribute expertise in transport systems analysis, survey design, gender-sensitive data analysis, and training needs assessment. This makes our findings credible, internationally comparable, and directly usable for updating retraining programmes and preparing a larger Urban Research Grant","Our Institute, under the Ministry of Transport, would act as the local practice partner and the main user of the results. We offer direct access to transport personnel across road, rail, metro and water transport, who can take part in skills assessments and interviews. We can facilitate cooperation with transport operators and ministry bodies, and provide access to available service and incident records, subject to data protection rules. Our staff would contribute time for fieldwork coordination, local logistics and translation, and our training programmes and distance-learning system would be used to test and roll out updated courses. We expect the ETH Domain researcher to bring expertise in transport systems analysis, survey and evaluation methods, gender-sensitive data analysis and training needs assessment. Together we would co-design the diagnostic approach and ensure the findings lead to practical changes in national retraining programmes.",2026-10-05
"R-1","Researchers","Researcher · EPFL","Professor","EPFL",,FALSE,"Ghana; South Africa","Climate & Environmental Protection","Scenario-based pathways for climate-resilient and low-carbon cities","Rapid urban growth will profoundly reshape cities’ energy needs, climate risks and environmental conditions. This project will develop a scenario-based framework to explore alternative urban growth and decarbonization pathways and/or their implications for climate adaptation, mitigation and local energy generation (depending on local needs). Combining spatial modelling, urban climate simulations and renewable-energy assessment, we will quantify how alternative configurations of urban form, density, vegetation and transport infrastructure affect relevant indicators (e.g., heat exposure, flood risk, carbon emissions, potential for distributed solar and wind energy). The project will identify synergies and trade-offs between benefits and sectors, and evaluate alternative development scenarios with local practice partners. The resulting open and transferable decision-support tool will help cities compare pathways and identify integrated, context-specific strategies for resilient and low-carbon urban development.","Urban growth, Decarbonization, Climate Risks, Climate Adaptation, Mobility","Yes","Practice partners are essential to ensure that the project responds to real urban planning challenges and produces actionable outcomes. Municipal planning and energy or transport authorities can co-define relevant urban growth and decarbonization scenarios, provide local data and institutional knowledge, and assess the feasibility of proposed strategies. Their involvement will ensure that the modelling framework reflects actual planning constraints and decision-making processes.","We bring expertise in urban climate, energy, mobility and urban growth modelling, supported by state-of-the-art simulation tools. We can provide modelling capacity, spatial analysis, scenario development and interdisciplinary research expertise, as well as access to relevant datasets and computational resources.",2026-08-21
"R-2","Researchers","Researcher · ETH Zurich","Senior Scientist","ETH Zurich",,FALSE,"Vietnam","Spatial Planning/Urban Design","Planning Industrial and Logistics Development: Reconciling Economic Growth and Land-Use Efficiency","Industry and logistics areas dedicated to production, storage and distribution of goods are increasingly shaping cities and their surroundings. Worldwide, they have been the primary catalyst for land-use change over the past two decades, with demand for further development projected to rise. In both Switzerland and Vietnam, their development is highly challenging in the context of policy goals on soil protection, food security and biodiversity conservation. Yet, we currently lack knowledge on how logistics areas can be developed towards meeting economic growth goals without affecting implementation of  sustainable land use goals. 
The goal of this research is to answer the question: How can a country accommodate rapidly growing demand for industrial and logistics land while avoiding the loss and fragmentation of valuable agricultural and ecological land? Particularly relevant is an investigation of how different planning and environmental-governance systems reconcile logistics development with competing land, soil and biodiversity objectives.
Vietnam (rapid expansion of logistics and greenfield development) and Switzerland (land scarcity and increasing pressure to use land more efficiently) constitute contrasting but complementary case studies for answering this relevant question. 
In brief:
Who is affected?: Businesses and logistics operators, communities, farmers, as well as ecosystems and future generations, are affected by the growing demand for industrial and logistics land.
What's at stake? The ability to reconcile economic growth and efficient logistics with the protection of agricultural land, soils, biodiversity and ecological connectivity.
What do we hope to achieve? To generate knowledge on how planning and environmental-governance systems can guide industrial and logistics development towards more sustainable land use, drawing lessons from the contrasting cases of Vietnam and Switzerland.","economic growth, logistics and industry areas, land use efficiency goals, soil protection, biodiversity conservation","Yes","Vietnam’s Ministry of Construction provides direct expertise on how industrial and logistics development is translated into spatial planning. The Department of Planning and Architecture can contribute knowledge on planning frameworks, land-use allocation and the integration of environmental objectives into spatial planning, while the Urban Development Agency can provide practical insights and data into infrastructure development and logistics-related growth. Their involvement would ensure that research findings reflect institutional realities.  A university partner with relevant expertise in the area could greatly help implement the project.","Expertise needed in a practice partner: knowledge of the legal frameworks on industry and logistics development, access to relevant spatial planning documents and land use data. For this collaboration I can offer: matching funds and in-kind support, opportunity to visit study areas in Switzerland, access to all knowledge generated in the project, connection to international research networks.",2026-08-21
"R-3","Researchers","Researcher · EPFL","Postdoctoral Researcher","EPFL",,FALSE,"Indonesia; Ghana; Vietnam; Morocco; South Africa","Spatial Planning/Urban Design","Strengthening Heat Resilience in Schools and Health Facilities","Extreme heat is increasingly threatening the safe and reliable operation of schools and health facilities, especially in cities where buildings and institutions may have limited capacity to cope with prolonged high temperatures. Children, patients, older people, and frontline staff are especially vulnerable, yet there exists a lack of practical ways to identify which facilities are most at risk and where adaptation efforts should be prioritized. This project is aimed to develop and test a practical framework for assessing heat vulnerability in critical public facilities and supporting locally appropriate adaptation planning. The project will work with local stakeholders to understand how heat risk is shaped by the built environment, institutional capacity, and local conditions. Success would mean enabling municipalities, and facility managers to better identify vulnerable facilities, prioritize limited resources, and take targeted actions to improve heat resilience and protect essential services.","Heat vulnerability; Urban climate adaptation; Built environment; Critical infrastructure","No","For this project, the practice partner is crucial because local knowledge is needed to understand how heat affects schools and health facilities, how buildings are operated, and what adaptation measures are feasible within existing institutional and resource constraints. The partner would provide access to facilities and stakeholders, contextual knowledge of urban planning and public infrastructure, and practical insight into local decision-making processes. Their involvement would ensure that the project is co-developed around real operational needs, that proposed solutions are locally appropriate, and that the resulting approach can be integrated into existing planning and adaptation processes.","I would bring expertise in heat vulnerability assessment, sensing, geospatial analysis, and data-driven modelling, with a particular focus on understanding how buildings and human behaviour influence exposure to extreme heat. I can contribute to the development of a scientifically robust assessment framework, indicator selection, data analysis, and evaluation of potential adaptation strategies. I would also bring experience in interdisciplinary research and in translating technical evidence into practical decision-support approaches. An ideal practice partner would complement this expertise with strong knowledge of the local urban and institutional context, access to schools and health facilities, relationships with municipalities and relevant stakeholders, and experience in implementing climate adaptation or urban resilience initiatives. Together, this would enable the project to combine scientific rigour with locally grounded, implementable solutions.",2026-08-26
"R-4","Researchers","Researcher · ETH Zurich","Postdoctoral Researcher","ETH Zurich",,FALSE,"Morocco; Peru; Indonesia","Spatial Planning/Urban Design","iQ-Earth: Digitizing the urban built environment for earthquake-resilient societies","The devastating earthquakes of 2026, which claimed thousands of lives and caused major economic losses worldwide, once again exposed how vulnerable societies remain to earthquake risk—a challenge expected to intensify as urbanization accelerates and dependence on critical infrastructure grows. Yet reliably evaluating how buildings, infrastructure, and urban environments will perform before disaster strikes remains prohibitively expensive, expertise-intensive, and non-scalable.
iQ-Earth addresses this challenge through a bold vision: a future in which every asset and eventually every city has a continuously evolving digital representation capable of assessing earthquake performance in real time. Toward this vision, the project will automate earthquake-soil-structure modeling, enable scalable high-fidelity digital representation of the built environment, and demonstrate applicability to real-world cases by integrating advanced earthquake-soil-structure simulation with physics-preserving reduced-order models.
If successful, iQ-Earth will lay the foundations for asset-specific decision-making on mitigation, urban planning, preparedness, recovery, infrastructure investment, and risk transfer, ultimately creating resilient communities, reducing losses, and saving lives.","Earthquake-resilient communities; Digitalization of the built environment; High-fidelity earthquake-soil-structure simulation; Reduced-order modeling; Decision support","Yes","The project requires a practice partner responsible for disaster risk management, infrastructure management, or urban planning to ensure that the developed framework addresses real-world needs and constraints. While the central scientific challenge is to bridge fidelity and scale, transforming computationally expensive but highly accurate earthquake-soil-structure simulations into scalable representations deployable from individual assets to entire cities, successful implementation depends on access to infrastructure data and stakeholder requirements. A practice partner would co-develop relevant use cases, guide the translation of research outputs into decision-support tools, and facilitate demonstration in real urban environments, thereby maximizing impact, adoption, and societal benefit.","As part of this collaboration, I bring the unique expertise required to achieve the project's ambitious goals. Throughout my research, as well as through collaborations with engineering consultancies, infrastructure stakeholders, and federal agencies, I have developed expertise in the high-fidelity simulation of earthquakes, soils, structures, and their interaction, combining advanced finite-element modeling and experimental validation with high-performance computing and automated computational workflows. More recently, my research has expanded toward integrating regional seismological wave-propagation models with local high-fidelity soil-structure models, reduced-order modeling, and digital twinning through collaborations across ETH Zurich and international partners. These activities have enabled me to establish the multidisciplinary network and expertise necessary to realize iQ-Earth, uniquely positioning me to bridge high-fidelity earthquake-soil-structure simulations with scalable digital representations of the built environment. Coupled with the right practice partner, these capabilities would enable the co-development of scientifically rigorous, scalable, and practical solutions supporting decision-making before and after disaster strikes, ultimately contributing to more earthquake-resilient communities.",2026-09-15
